seq,company_id,ref_site,title,emp_type,career,edu_level,due_date,province,city,job_duties,preferences,work_dw_name,work_condition,manager,phone,phone_visible,email,email_visible,salary_type,salary,negotiable,korean_level,industry,position,apply_type,apply_url,language,language_level,visa_sponsor,eligible_visa
IP1,㈜쓰리아이,KLIK,"B2B Sales, Marketing & CS 전문가",CONTRACT,EXPERIENCED,BACHELOR,2/14/25,1100000000,1168000000,"[주요업무]

3D 디지털 트윈 사업 분야에서 제품 도입과 고객 만족을 촉진하기 위해, 기업 고객 관리,마케팅 콘텐츠 개발을 담당할 적극적이고 다재다능한 영업, 마케팅 및 CS 전문가를 찾습니다. 이 직무는 시장 조사, 콘텐츠 제작, 고객 지원 등을 통한 회사의 혁신적인 기술을 사용할 고객을 발굴하고 지원하는데 기여를 합니다.
.* 영업 및 고객 지원
- 영업 전략 수립 및 고객과의 소통 지원
- 해외 주요 기업 고객 관리 및 지원
* 시장 조사 및 마케팅 콘텐츠 개발
- 시장 동향 파악 및 경쟁사 조사
- 블로그 게시물, 사례 연구, 온보딩 자료 등의 마케팅 자료 제작
* Customer Success 및 지원
- 고객 문의의 첫번째 접점으로서, 기술적 및 비기술적 문제 해결 지원
- 3D 디지털 트윈 제품에 대한 사용자 메뉴얼, FAQ, 가이드 개발 및
유지 관리
- 신규 고객 교육 및 온보딩 지원
* 고객 지표 관리, 보고
- 고객의 제품 사용 데이터를 모니터링 하여, 새로운 영업 기회 발굴
- 제품 사용 유지율, 고객 만족도, 매출 기요도 등의 주요 영업
지표 추적 및 보고
- 내부 팀과 고객의 인사이트를 공유하여 영업 전략을 개선하고
고객의 경험을 향상","[자격요건]

* 학력 : 비즈니스, 마케팅 또는 관련 분야 학사 학위 이상 (또는 이에 상응하는 경력자)
* 언어 : 일본어, 영어를 유창하게 듣고, 쓰고, 말할 수 있는 분
* 경력 : B2B 사업 환경에서 영업, 마케팅 또는 고객 지원 직무 경험 2년 이상
* 역량
- 내부 부서와 외부 고객과의 탁월한 소통 능력 (언어 및 문서)
- 새로운 도구와 기술을 배우고 적응하려는 의지
- Google Workspace, MS Office, CRM 소프트웨어(Hubspot),
Zendesk, Jira, Illustrator 등과 같은 도구 사용에 익숙
- 영업 및 매출 데이터를 해석하고 분석하는 능력

[우대사항]

* SaaS 서비스나 3D Digital Twin 서비스 관련 기업 고객 관리에 대한 경험
* 다양한 고객층 및 내부 팀원들과 효과적으로 소통할 수 있는 일본어, 영어,
한국어 능력",,,담당자,1588-9350,FALSE,helpdesk@jobkorea.co.kr,FALSE,,0,TRUE,BASIC,A080043,"영업, 마케팅, 고객상담",HOMEPAGE,https://www.klik.co.kr/jobs/0JGYFG1YA8S56/,"ENG, JPN","NATIVE, INTERMEDIATE",FALSE,"F-2, F-5, F-6, F-4"
IP2,리디㈜,KLIK,[리디 주식회사] 마케팅 디자이너 채용,FULL_TIME,IRRELEVANT,IRRELEVANT,2/14/25,1100000000,1168000000,"콘텐츠본부와 협업하여 리워드형 프로모션 페이지 디자인
웹툰/웹소설 작품 소개 페이지 디자인
SNS용 콘텐츠 소개 이미지 제작 (페이스북, 인스타그램, 트위터 등)
마케팅용 외부광고 이미지 제작
업무 효율성을 높이기 위한 템플릿 및 가이드 제작","공통 지원 자격

해외출장에 결격사유가 없으신 분
남성의 경우 병역필 또는 면제자이신 분

자격 요건
웹/앱 기반 디자인 경력 3년 이상
비쥬얼 그래픽 실력 중급 이상 (포트폴리오에 그래픽 관련 작업물을 꼭 첨부해주세요)
Figma, Photoshop, Illustrator 스킬 중급 이상
마케팅/기획팀과의 커뮤니케이션을 즐기고 적극적인 분

우대사항
웹툰에 대한 이해가 높으신 분 우대
SNS 운영 및 외부 마케팅 경험이 있으신 분 우대
커머스 또는 에이전시 출신 우대
Figma 활용이 능숙하신 분 우대
AI 툴 사용 경험자",주5일,"음료/간식 제공, 국민연금 , 가족 건강검진, 건강검진, 식사 지원, 고용보험, 경조휴가, 경조금, 야간교통비 지급, 저녁 식사 지원, 연차제도, 도서 구입비 지원, 카페테리아, 리프레시 휴가, 산재보험, 퇴직금, 퇴직연금, 임직원 할인, 수유실, 휴식공간, 반차제도, 건강보험, 웰컴키트, 헬스비, 점심 식사 지원, 님/닉네임 호칭, 심리상담

수습 기간 안내

모든 신규입사자는 3개월간의 수습 기간이 있으며 수습 평가 결과에 따라 고용에 적합하지 않다고 판단될 경우, 수습 기간이 연장되거나 채용 취소가 될 수 있습니다.",담당자,1588-9350,FALSE,helpdesk@jobkorea.co.kr,FALSE,,0,TRUE,ADVANCED,A120063,마케팅 디자이너,HOMEPAGE,https://www.klik.co.kr/jobs/0GYBAFPCK7178,,,FALSE,UNKNOWN
IP3,㈜센트비(SENTBE),KLIK,[해외 송금/센트비] CX Manager (Vietnam),FULL_TIME,IRRELEVANT,IRRELEVANT,2/14/25,4100000000,4127300000,"고객의 송금 서비스 이용 지원
온라인/오프라인 마케팅 활동 지원
번역, 리서치, 콘텐츠 제작 등 마케팅/CX 관련 업무 지원","자격요건
국적: 베트남인
비자 유형: D2 또는 F 비자
고객 중심
의사소통 및 팀워크 능력 우수
한국어 및 영어 능통
주말 근무 가능
김해 또는 안산 근무 가능자

우대사항
송금 업무 경험자 우대
혜택 및 복지
[센트비는 구성원의 건강을 최우선으로 생각해요]

연차 : 기본 연차 15일을 드립니다.(입사 첫 해는 11개입니다.) 그 외에도 생일 휴가, 입사 기념일 휴가, 샌드위치 휴가, 이사 휴가 등 다양한 유급 휴가를 드립니다.
결혼 휴가: 주말 포함 14일
이사 휴가: 1일
여성 보건 휴가: 5일
입사 기념일 휴가 : 1일
장기근속 휴가 : 10일(3년), 15일(5년), 20일(7년), 30일(10년) + 리프레시 비용
리모트 근무 : 효율적인 업무 진행을 위하여 각 부문 또는 팀별 업무 특성에 따라 효율적인 방식으로 리모트 근무제를 운영하고 있습니다. (주2회 리모트 근무)
문화생활비 : 매년 180만원의 문화생활비를 드립니다. 임직원의 문화 생활, 교육, 운동, 자기계발 등 다양한 곳에 사용하실 수 있습니다.",,"근무형태 : 정규직
근무시간 : 10:00~19:00 / 주5일 (주말이 포함될 수 있습니다.)
근무지역 : 경기도 안산시 단원구 다문화2길 51 4층 센트비CS센터
경상남도 김해시 분성로 322 1층 센트비CS센터",담당자,1588-9350,FALSE,helpdesk@jobkorea.co.kr,FALSE,,0,TRUE,ADVANCED,A070042,고객상담 매니저,HOMEPAGE,https://www.klik.co.kr/jobs/0GW7486K7714M,VIE,NATIVE,TRUE,"D-2, F-2, F-4, F-5, F-6"
IP4,오니스트,KLIK,"[오니스트] 글로벌 브랜드 마케터 - 미국 (인턴, 신입)",INTERN,NEW_COMER,BACHELOR,2/14/25,1100000000,1156000000,"[주요 업무]
업무 예시
-글로벌 소셜미디어 콘텐츠 기획 및 운영
- 인플루언서 시딩 및 협찬
- Shopify 기반 자사몰 운영 및 프로모션 기획

[얻어가실 수 있는 것]
글로벌 시장에서 새롭게 부상하는 이너뷰티 카테고리에서 성장 경험을 만들 수 있어요.
주도적으로 의견을 내면, 무엇이든 시도해볼 수 있는 주도적인 환경에서 일할 수 있어요.
자율과 책임이 공존하는 문화에서 논리적인 사고와 넓은 시각을 가질 수 있어요.","
[필수요건]
- 원어민 수준의 영어 실력
- 북미 문화권에 대해 익숙하신 분
- 인스타그램, 틱톡, 트위터 등의 소셜미디어에 익숙하신 분
- 구조적인 논리 흐름으로 문제를 정의하고, 해결하시는 분
- 업무의 우선순위를 가지고 속도감 있는 업무가 가능하신 분
- 꼼꼼하고 디테일한 업무를 해나갈 수 있는 분
- 열정적이고 진취적인 사고를 가지신 분
- 인턴의 경우 6개월 이상 근무 가능자 (3개월+3개월 연장 계약 후 정규직 전환 심사)",,"- 오전 8시 ~ 10시 중 자율출근제
- 자유로운 분위기, 수평적인 문화 (영어이름 사용)
- 야근 식대 별도 지원
- 1시간 단위 연차 사용
- 사내/외 스터디, 교육 등 성장 활동비 지원 (무제한 지원)
- 도서 구매 성장 활동비 지원 (무제한 지원)
- 장비 및 소프트웨어 제공
- 이너뷰티 실천지원금 (매월 지급)",담당자,1588-9350,FALSE,helpdesk@jobkorea.co.kr,FALSE,MONTHLY_SALARY,2100000,FALSE,NATIVE,A120064,글로벌 브랜드 마케터,HOMEPAGE,https://www.klik.co.kr/jobs/0JEDMES0F052R,ENG,NATIVE,TRUE,"D-10, F-2, F-4, F-5, F-6"
IP5,기아㈜,KLIK,[KIA] [외국인 채용] 차량 내 경험 트렌드/UX 분석 - 기간 연장,CONTRACT,NEW_COMER,BACHELOR,2/14/25,1100000000,1165000000,"[조직소개]
우리 조직의 영문 명칭은 Global Brand and CX(Customer Experience) Division으로, 영문을 구성하는 'Global', 'Brand', 'CX'가 고객경험본부의 역할과 책임을 명확히 보여줍니다.

먼저 우리 조직은 기아의 브랜드 전략을 수립하고 이를 구체화하며 전파하는 중심역할을 수행합니다. 기아는 최근 브랜드 중심 경영을 선포하고 전사의 역량을 중장기적 브랜드 향상에 집중하고 있으며 이를 우리 조직 중심으로 전사와 연계하여 추진되고 있습니다.

두 번째로 수행하는 역할은 CX(고객경험)입니다. 기아의 고객이 기아와 제품을 인지하는 영역부터 제품을 구매하고 보유하고 재구매하는 전체 구매여정에 새로운 고객경험을 설계합니다. 마케팅, 온-오프라인 고객채널, AS 영역에서 회사의 고객 경험 전략을 수립합니다. 최근에는 온라인상의 고객경험이 중요해 짐에 따라 회사의 디지털 역량을 강화하는 데 집중하고 있습니다.

마지막으로 이러한 브랜드, 고객경험 전략을 전 세계의 해외 권역본부에 전파하고 실행하는 역할을 수행하고 있습니다. 차량경험팀은 Global Brand and CX(Customer Experience) Division에서 차량 내 고객 경험 개선 기획 및 개발업무를 중심으로 수행하고 있습니다.


직무상세

[트랜드/UX 분석]
- 자율 주차, 충전, 커넥티비티 등 다양한 차량경험 개선 영역에서 트랜드/UX 분석을통한 인사이트 발굴

[조사]
- 브랜드와 연계된 신규 차량 사운드, 신규 AI 보이스 등 도출된 결과물에 대한 전문가 등의 조사를 통해서 방향성 점검 및 개선 방안 제안","[지원 자격]
- 외국인으로서, 학사 이상 학위 보유자
- 업무 활동을 위한 체류자격을 보유 또는 향후 E-7체류자격 발급에 결격사유가 없으신 분

[우대사항]
- 아래의 어학 능력을 보유하신 분
 · 비즈니스 수준의 한국어 활용 능력
  * TOPIK Level 4 이상 혹은 유사 자격
 · 원어민 수준의 영어 활용 능력
  * OPIc Level AL 이상 혹은 유사 자격
- 아래의 역량을 보유하신 분
 · 다양한 경험 분야에 대해 열린 태도와 창의적 사고
 · 새로운 기술/트렌드/환경 변화에 높은 적응력
 · 적극적이고 긍정적인 성향의 Fast learner
 · 비즈니스 니즈와 새로운 영역의 업무에 대한 신속한 이해
 · 급변하는 산업 환경 및 기술에 대한 이해력 및 창의력
 · 다양한 분야에서의 대내외 네트워킹 및 커뮤니케이션 역량
 · 데이터 기반의 분석적인 문제 해결 능력",,"본 채용은 계약직 채용으로, 1년 근무 후 정규직 전환 또는 계약직 연장 여부에 대해 상의 예정입니다(계약직 최대 2년)",담당자,1588-9350,FALSE,helpdesk@jobkorea.co.kr,FALSE,,0,TRUE,ADVANCED,A010001,글로벌 브랜드 고객경험 매니저,HOMEPAGE,https://www.klik.co.kr/jobs/0HEW4X9ES352Z,ENG,NATIVE,TRUE,"D-2, D-10, E-7, F-2, F-4, F-5, F-6"
IP6,㈜에이든랩,KLIK,"기획, 마케팅, 컨텐츠 경력 (화장품, 건기식, 패션)",FULL_TIME,EXPERIENCED,BACHELOR,2/14/25,1100000000,1144000000,"에이든랩은 압도적인 글로벌 인플루언서 마케팅 퍼포먼스를 바탕으로, 글로벌 타켓의 뷰티 브랜드를 런칭합니다.
전문가 여러분의 많은 지원과 관심 부탁드립니다.


[브랜드 마케팅 부문 담당업무 ]

1. 뷰티/건기식/패션 브랜드 브랜딩 및 국내외 마케팅 전략 수립

2. 국내외 마케팅 커뮤니케이션 전략 수립 및 KPI 설정 및 조직관리

3. 마케팅 전략 및 성과 관리. 전략 기반 매출 분석 및 대응전략

4. 제품에 맞는 홍보 컨셉, 마케팅 툴 기획 및 운영

5. 브랜드 및 제품 콘텐츠 기획 및 개발/제품 메세지, 영상, 비주얼, 상세페이지 등 기획 및 관련 조직 관리

6. 온, 오프라인 유통 채널별 마케팅 커뮤니케이션과 프로모션 기획 및 실행

7. 국내외 경쟁사 분석 및 마켓 인사이트 발굴



[제품 기획 및 개발 부문 담당업무]
1. 글로벌 타켓 신규 화장품(건기식) 기획 및 개발관련 제반 업무
2.스킨케어, 색조, 바디/헤어, 더마, 이너뷰티 등 뷰티/건기식 관련 제품 기획
2. 브랜딩 전략에 맞는 제품컨셉, 성분, 패키지, 디자인 기획 및 개발
3. 제품 생산 컨트롤 (제휴 OEM사 관리를 통한 품질관리)
4. 브랜드 컨셉 및 브랜딩 전략 수립



[크리에이티브 컨텐츠팀 부문 담당업무]



1. 영상 컨텐츠기획

2. 국내/글로벌 온드미디어 컨텐츠 기획 및 제작

3. 브랜드 SNS 컨텐츠 기획 및 제작

4. 브랜드 아이덴티티를 고려한 key 컨텐츠 , 톤앤매너 정립

5. 스토리텔링 기반의 브랜디드 컨텐츠

6. 글로벌 인플루언서 제휴 컨텐츠 기획 및 제



* 외국인 지원 가능합니다. 단 기본적인 한국어 커뮤니케이션 스킬이 필요합니다.
* 외국인 취업비자 지원합니다.


* 우대사항


브랜드, 쇼핑, 화장품, SNS, 해외여행&출장을 좋아하는 분

외국계 기업 근무경력

사내 10명의 외국인이 근무중이며, 커뮤니케이션 기본 언어는 한국어지만,

외국어 커뮤니케이션 가능 하신 분 우대합니다. (영어, 일본어, 중국어 등)



진취적이며, 주도적인 성향 / 내성적이어도 주관이 뚜렷하신 분

소비자 브랜드 마케팅 유경험자

팀 프로젝트의 PM 유경험자 또는 팀원 멘토링, KPI 관리에 익숙하신 분

FMCG 관련 온, 오프라인 채널경험

종합광고 대행사나 마케팅 대행사 근무 경험

콘텐츠와 트렌드에 민감하며 글로벌 뷰티, 라이프 콘텐츠 소비를 즐기시는 분 우대



신규브랜드 기획 부터 런칭 및 성공적인 안착까지 경험이 있으신 분 우대","영어능통자(원어민수준), 유관업무 경력자, 해외근무 가능자, 관련 학과 전공자, 문서작성 우수자, 중국어가능자, 프리젠테이션 능력우수자, 영어가능자, 리더쉽 소유자, 관련 자격증 보유자, 대기업 근무 경험자, 해외연수자, 컴퓨터활용능력 우수자, 일본어가능자",주5일,"스톡옵션, 자율복장, 위로휴가, 상여금, 회식비 지원, 건강보험, 사내정원, 교육/세미나/스터디, 해외연수, 수평적 문화, 주5일제, 흡연공간, 멘토링 제도, 각종 기념일 선물, 경조금, 직무능력향상교육, 노동절 휴무, 우리사주제도, 주차 지원, 장기근속 포상, 연차제도, 휴식공간, 야간교통비 지급, 반차제도, 주차장, 산재보험, 월차제도, 자유로운 휴가문화, 사내 이벤트, 도서 구입비 지원, 리프레시 휴가, 포상휴가, 인센티브, 저녁 식사 지원, 비자 발급, 건강검진, 경조휴가, 성과급, 리더쉽강화교육, 신입 사원 교육, 음료/간식 제공, 고용보험, 공휴일 휴무, 우수사원 포상제도, 명절선물/명절상여, 퇴직금, 복리후생 지원, 탕비실, 국민연금 , 님/닉네임 호칭, 쾌적한 업무공간",담당자,1588-9350,FALSE,helpdesk@jobkorea.co.kr,FALSE,,0,TRUE,ADVANCED,A080044,브랜드 마케터,HOMEPAGE,https://www.klik.co.kr/jobs/0HAR16NA3QD7K,"CMN, ENG, JPN","ADVANCED, ADVANCED, ADVANCED",TRUE,UNKNOWN
IP7,㈜쓰리아이,KLIK,[3i] 그래픽 디자이너(graphic designer) 채용 건,CONTRACT,EXPERIENCED,BACHELOR,2/14/25,1100000000,1168000000,"[직무 내용 (Responsibilities)]

- 디자인 브리프를 분석하고 요구사항을 파악하여 이를 바탕으로 비주얼을 구상
- 초기 초안을 준비하고 아이디어를 제시
- 소프트웨어를 사용하여 일러스트, 로고 및 기타 디자인을 개발
- 소셜 미디어, 제품 포장, 웹사이트, 브로셔, 부스 디자인 및 디스플레이 등 브랜드
아이덴티티에 맞는 그래픽을 제작
- 피드백 반영하여 디자인을 수정, 최종 그래픽과 레이아웃이 시각적으로
매력적이고 브랜드에 부합하도록 보장할 수 있는 능력
- 소셜 미디어, 제품 포장, 웹사이트, 브로셔, 부스 디자인 및 디스플레이 등
브랜드 아이덴티티에 맞는 그래픽을 제작
- 현재의 비주얼 트렌드, 제품 관련 기술 및 디자인 기법에 대한 지식 유지
- 압박감 속에서도 작업을 진행하며 마감일을 맞출 수 있는 능력.","[자격 요건 및 기술 (Requirements and skills)]

- 최소 3년 이상의 그래픽 디자인 경험
- 일러스트레이션 또는 기타 그래픽 포트폴리오 사용 가능
- 디자인 소프트웨어 및 기술에 대한 이해도
(예: Figma, InDesign, Illustrator, Photoshop, Adobe Creative Suite 등)
- 미적 감각과 세부 사항에 대한 뛰어난 감각. 최소한의 지침으로 빠른 속도의
디자인 프로젝트를
처리할 수 있는 능력
- 영어 능력
- 체계적으로 작업을 진행하고 워크플로우를 관리
- 디자인, 순수 미술 또는 관련 분야 학위
- 비디오 편집, UI/UX 경험이 있으면 우대",,※ 국내 거주 외국인 구인/즉시 취업 가능한 F비자 자격 보유자,담당자,1588-9350,FALSE,helpdesk@jobkorea.co.kr,FALSE,,0,TRUE,BASIC,A120066,그래픽 디자이너,HOMEPAGE,https://www.klik.co.kr/jobs/0JGYB9MHD255V,ENG,NATIVE,FALSE,"F-2, F-4, F-5, F-6"
IP8,에스피이피센터,KLIK,[Full-Time] Biz English Teacher in SEOUL,FULL_TIME,EXPERIENCED,BACHELOR,2/14/25,1100000000,1168000000,"말하기 능력 향상 프로그램(SPEP)
SPEP는 가장 빠르게 성장하고 있는 유망한 영어 말하기 향상 전문 교육 기관 중 하나입니다. SPEP는 비즈니스 영어 교육으로 커리어를 확장하고자 하는 모든 분야의 전문 기업 강사를 찾고 있습니다.

최근 이력서, 사진, SPEP 지원서를 이메일(hrteam2@spep.co.kr)로 제출해 주세요. (최종 후보에 오른 지원자에게만 연락을 드립니다. 양해 부탁드립니다.)

[모든 교육 직책에 대한 최소 요구 사항]
- 미국, 캐나다, 호주, 영국, 뉴질랜드, 아일랜드, 남아프리카공화국 출신의 영어 원어민이어야 E2 비자 자격이 주어집니다.
- 모든 지원자는 모국어가 영어인 국가(미국, 캐나다, 호주, 영국, 뉴질랜드, 아일랜드, 남아프리카공화국)에 위치한 공인된 4년제 대학에서 최소 학사 학위를 소지해야 합니다.
- 아포스티유로 공증된 졸업장 원본이 있어야 합니다.
- 아포스티유가 첨부된 전국 범죄 경력 조회서가 있어야 합니다.

21. [FT] 비즈니스 영어 강사
[직무 설명]
- 수업 유형: 비즈니스 영어 및 커뮤니케이션 기술(말하기)
- 학생 비즈니스 전문가
- 레벨: 모든 레벨
- 수업 규모: 그룹 수업 및/또는 1:1
- 커리큘럼 표준화된 커리큘럼 및 코스 북(교육 제공)","[기본 자격 요건]
- 기업 현장 경력자(1년 이상) 또는 비즈니스 영어 강의 경력자(1년 이상) 우대
- 경영학, 교육학 또는 영어학 학사 학위 소지자 우대",,"[풀타임 근무지]
A. [FT] 서울(서울) - 강남, 서초, 용산, 영등포, 온라인 등
- 주요 교육 장소에 따라 일정이 다릅니다.
- 수업 스케줄: 5~8시간/일
➢ 월요일 ~ 금요일 오전 7시 ~ 오후 5시 또는 오전 11시 ~ 오후 8시
➢ 월요일~금요일 오전 8시~오후 6시 또는 오전 10시~오후 7시
➢ 월요일 ~ 금요일 오후 2시 ~ 오후 10시
➢ 월요일 ~ 금요일 오후 12시 ~ 오후 9시
- 점심 또는 저녁 휴식 가능
- 시작 날짜
➢ 2025년 2월 3일 (1월 1주 교육)
➢ 2025년 4월 28일 (4월 중 1주일 교육)

[풀타임 티칭 포지션 혜택]
- E2 비자 스폰서십
- 건강 보험
- 한국 연금 (한국 법률에 따라 국적/비자 유형에 따라 다름)
- 퇴직금
- 유급 연차 및 공휴일
- SPEP의 전문 교사 연수
- E2 및 F 비자 소지자를 위한 주택 수당 지원
- E2 및 F 비자 소지자를 위한 항공료 지원

[급여]
- 수업시수 100~120시간 기준: 250~287만원
- E2, F비자에 한하여 40만원 추가 주거수당 지급
- 베스트 티처 어워드",담당자,1588-9350,FALSE,helpdesk@jobkorea.co.kr,FALSE,,0,TRUE,BASIC,A050024,영어 강사,HOMEPAGE,https://www.klik.co.kr/jobs/0J89C9BSJ215H,ENG,NATIVE,FALSE,"F-2, F-4, F-5, F-6, E-2"
IP9,일성 유한책임회사,KLIK,日本マーケティング担当者求人,FULL_TIME,IRRELEVANT,BACHELOR,2/14/25,1100000000,1168000000,"2011년 설립된 글로벌 뷰티 브랜드 Vancor를 운영하고 있는 일성에서 일본 사업 확장을 위해 추가 채용을 진행합니다.
보다 자유로운 분위기에서 열정적으로 일하고 성장하고 싶은 분들의 많은 지원 바랍니다.

🏢 회사명: ILSEONG
https://ilscp.com
담당 브랜드: Vancor 등 뷰티 브랜드
===============================================
일본 마케팅 담당 (테구 근무)

👥 소속: 일본사업팀
채용 포지션: 일본 마케팅 담당자

🕵️‍♂️ 원하는 인재상: 🕵️‍♂️
- 최신 SNS 트렌드에 민감하고, SNS 콘텐츠를 자주 보고 포스팅하는 분 📈 인플루언서와의 소통이 가능한 분
- 인플루언서와의 소통에 관심이 많으신 분 🤝 인플루언서와의 소통에 관심이 많으신 분

담당업무: 📑 담당업무: 🌐 일본 인플루언서
- 일본 인플루언서 및 마케팅 대행사 관리 🌐 일본 인플루언서 및 마케팅 에이전시 관리
- 🗂 중장기 마케팅 전략 수립
- 💻 온라인 플랫폼의 고객 서비스
- 🛒 Qoo10, 자사 홈페이지 시스템 운영
- 🎉 오프라인 이벤트 기획
- 마케팅 KPI 설정 및 전략 수립 📊 마케팅 KPI 설정 및 전략 수립

필수조건: 📌 필수조건: 🗣 일본어 가능자
- 🗣 일본어를 원어민 수준으로 구사할 수 있는 분
- 한국인과의 의사소통에 지장이 없는 분 💬 한국어 가능자
- 🧑‍💻 엑셀, 워드, 파워포인트 사용 가능자
- 💖 한국 스킨케어 제품에 관심이 있는 분
- 한국 취업을 위한 비자발급에 결격사유가 없는 자 또는 비자 소지자","👍 우대조건: 
- 인플루언서 관련 업무 경험자
- 장기간 근무 가능자",,"<채용 관련 정보
- 지원조건: 한국에서 일할 수 있는 비자를 소지한 자
- 비자: E7 비자 발급 지원 가능 (비자 발급 조건 충족 시)
- 근무지: 대구광역시 동구 율량로 149-28
- 근무시간: 주 5일(월~금) 10:00 - 18:00 (점심시간 12:00 - 13:00)
- 📈 경력 및 스킬에 따라 상담 가능합니다.
- 급여: 사내 규정에 따라 연봉 3,700만 원",담당자,1588-9350,FALSE,helpdesk@jobkorea.co.kr,FALSE,ANNUAL_SALARY,"37,000,000",FALSE,ADVANCED,A090048,글로벌 마케터,HOMEPAGE,https://www.klik.co.kr/jobs/0GZ2E19TWT163,JPN,NATIVE,TRUE,"F-2, F-5, F-6, F-4, D-2, D-10, E-7"
IP10,㈜리팅랩스,KLIK,[정규직]태국환자 온.오프라인 상담(English/Thai),FULL_TIME,EXPERIENCED,BACHELOR,2/14/25,1100000000,1168000000,"- 태국 환자 온라인 상담 및 고객 응대 / 주요 채널: 태국 라인(Thai Line)
- 태국 에이전시와의 연락 및 응대/ 태국 에이전시와의 원활한 커뮤니케이션
- 태국 현지 상담회 상담 통역 / 태국 상담회에서 전문적이고 정확한 통역
- 태국 환자 원내 상담 시, 상담 통역 / 병원에서 태국 환자 통역 지원
","- 학력: 대졸이상(학사)
- 경력: 성형외과/피부과 태국어 환자 상담 업무 경험 2년~5년
- 언어: 타이어/영어 원어민 수준 구사
- 장기 근무 비자 가능자 (E/F) , 해외 출국에 결격 사유가 없는 자
- Microsoft OS , SNS 기초 지식 보유자
- 성형수술, 시술, 피부 관리 등 뷰티에 관심이 많은 분
",,"- 정규직
- 주5일(월~금), 10:00~19:00 (점심 13:00~14:00)
- 서울 강남구 강남대로 152길 22번지, 5층 (신사역 8번출구 도보 4분)
- Employment Type: Full-time ((3-month probation period)
- Working Hours: Monday to Friday, 10:00 AM - 7:00 PM
(Lunch -break: 1:00 PM - 2:00 PM)
- Location: 5th Floor, 22 Gangnam-daero 152-gil, Gangnam-gu, Seoul (4-minute walk from Exit 8, Sinsa Station)

[복지혜택] Employee Benefits
• 월 식대 20만원 별도 지급 (비과세)
• 직원 및 가족 대상 병원 할인 혜택 (연간 1,000만원 한도)
• 입사 기념일 포상 휴가+ 포상금 지급 (1년/2년/3년~ 혜택 up)
• 개인 성장을 위한 도서 구입비 지원, 온라인 교육 플랫폼 지원
• 생일 조기 퇴근
• 묻지도 따지지도 않는 반차/연차
• 명절 상여금 지급 (설, 추석)
• 산전 후 휴가, 육아 휴직 지원
• 팀 회식비 지급(회식 강요 없음)
• 저녁 제공(1인당 1만원 배달)
• 경조사지원(최소 20만원 ~ 최대 150만원)
• 퇴직금 별도",담당자,1588-9350,FALSE,helpdesk@jobkorea.co.kr,FALSE,,0,TRUE,BASIC,A070042,병원 고객 상담,HOMEPAGE,https://www.klik.co.kr/jobs/0HYHTYW5MT95Z,"ENG, THA","ADVANCED, NATIVE",FALSE,"F-2, F-4, F-5, F-6"
IP11,㈜에이든랩,KLIK,일본 마케팅 및 일본 이커머스 신입 및 경력,FULL_TIME,EXPERIENCED,BACHELOR,2/14/25,1100000000,1168000000,"일본 마케팅 담당업무 (각 업무별 신입,경력자 지원 가능)

1. 일본 SNS 인플루언서 리서치 (유투브, 인스타그램, 틱톡, 트위터, X 등 SNS에 대한 이해도, 경험 있으신 분)
2. 인플루언서 커뮤니케이션 및 커뮤니티 관리
3. 에이든랩 일본 SNS 계정 운영 (컨텐츠 기획, 제작, 포스팅)
4. SNS 광고 마케팅 운영
5. 일본 인플루언서 콜라보레이션 제품, 프로모션 기획 등
6. 일본 디지털 광고, 퍼포먼스 마케팅 (인스타그램, 틱톡 및 기타 일본 메이저 매체)
7. 제품 카테고리 : 화장품, 다이어트 식품, 패션, 건강기능식품 등 소비재



일본 이커머스 담당업무 (각 업무별 경력자)

1. 운영채널 : 일본 큐텐, 아마존, 라쿠텐
2. 이커머스 운영 MD 기본 업무 (상점오픈, 상품 등록, 기획전, 이벤트/프로모션, 쇼핑몰 내부 광고운영 등)
3. 판매데이터 분석 및 report 업무
4. 물류 및 고객 CS
5. 카테고리 : 화장품, 패션, 건기식
6. 기타 마케팅 부서와 함께 일본 관련 온오프라인 프로모션 진행

* 화장품, 패션 등 트렌디한 브랜드를 좋아하시는 분, 일본을 좋아하시는 분, K&J-POP을 좋아하는 분
* 일본 출장 가능하신 분, 일본인도 가능하며 취업비자 지원
* 외국인 지원가능 (취업비자 지원)","1. 일본어 커뮤니케이션 가능자 (원어민, 유학자, 재일교포, 주재원 등 우대)
2. SNS 계정 운영 경험자
3. 화장품, F&B, 패션 등 소비재 브랜드 관련 경력자
4. 국내외 이커머스, 쇼핑몰 관련 업무 경력자
5. 외국인, 재일교포 지원 가능 (취업비자 지원)
6. 국내외 유학생, 해외경험자

* 담당업무 관련 경력이 없어도 지원가능하며, 이 경우 일본어 커뮤니케이션 능력이 필요합니다.",,"- 주 5일 근무
- 08:00 ~ 10:00 시차 출근제도 시행
- 입사 후 1년 내 스톡옵션 계약 및 팀 인센티브
- 협업툴 기반 업무소통 (Lark) 자유로운 휴가 가능
- 자유로운 회식 문화 : 월 1회 팀별 자유로운 문화활동 지원 사무실 루프탑
캠핑 지원
- 외국인 취업비자 지원
- 해외 출장 (해외 워케이션) 지원
- 명절 선물 / 경조사 지원
- 생일휴가 & 선물
- 직원 할인 구매 & 증정
- 커피머신 & 간식 Bar
- 팀 운영비 지원
- 모션데스크 지원",담당자,1588-9350,FALSE,helpdesk@jobkorea.co.kr,FALSE,,0,TRUE,ADVANCED,A090049,글로벌 일본 마케팅,HOMEPAGE,https://www.klik.co.kr/jobs/0H3K1G26TTD6P,JPN,NATIVE,TRUE,"F-2, D-10, E-7"
IP12,법무법인(유한)대륜,KLIK,법무법인(유한) 대륜 미래전략실 일본인 비서관 채용,IRRELEVANT,EXPERIENCED,BACHELOR,2/14/25,1100000000,1168000000,"ㆍ대표변호사 수행비서
ㆍ대표변호사 일정 수행·관리 등의 비서 업무
ㆍ각 부서 업무 현황 모니터링 및 우선순위 조정
ㆍ회의록 작성 및 유관부서와의 소통
ㆍ내부 및 외부 자료 조사 및 분석
ㆍ경영지원(매출 집계 보고, 사무보조)
ㆍ한국↔일본 이동근무
: 출장시 사택 또는 별도 숙박 지원
※ 입사 후 내부 기준 충족 시 보좌관으로 승진 가능","지원자격
ㆍ학력 : 대졸이상(4년)
ㆍ경력 : 무관(신입도 지원가능)
ㆍ대학교 학점 평점 3.0 이상만 지원 가능
ㆍ일본 국적자 (일본어에 능통한 자)
ㆍ한국↔일본 이동근무 가능자

우대사항
ㆍ한국어 능통자
ㆍ상경계열, 법학계열, 이공계열, 비서학 전공
ㆍ비서 자격증, 컴퓨터활용능력 자격증, 운전면허 자격증 소지자
ㆍ단정하고 깔끔한 자(성별무관)
ㆍ스케쥴 관리, 커뮤니케이션에 능숙한 분
ㆍ한-일 행사 통번역 경험을 보유하신 분
ㆍ교포, 해외 취업 및 유학자
ㆍ일본 체류경험 및 일본계 기업 경력자",,"ㆍ근무형태 : 정규직-시용기간 3개월(3개월은 계약직의 형태로 고용될 수 있습니다.)
★ 연봉 : 경력과 능력에 따른 업계 최고대우 / 희망연봉 기재 요망
※ 경력직의 경우 직전 연봉을 필히 함께 기재해주시기 바랍니다.
(지원시 원천징수증빙서류 제출 필)
★ 인사평가(성과평가) 우수자 대상으로 조기 연봉인상, 성과급, 인센티브 제도 운영

ㆍ근무일시 : 주5일(월~금) 09:00 ~ 18:00

ㆍ근무지역 : (07335) 서울특별시 영등포구 여의대로 108 파크원 타워Ⅰ 35층",담당자,1588-9350,FALSE,helpdesk@jobkorea.co.kr,FALSE,,0,TRUE,INTERMEDIATE,A010008,수행비서,HOMEPAGE,https://www.klik.co.kr/jobs/0JK546G51WN5R,JPN,NATIVE,TRUE,"F-2, F-4, F-5, E-7"
IP13,라인821(LINE821),KLIK,LINE821日韓交流マーケティングフリーランス募集,CONTRACT,IRRELEVANT,IRRELEVANT,2/14/25,1100000000,1168000000,"안녕하세요.
라인821 입니다.
저희 회사는 관광공사, 중소기업청 등 공공기관에서 진행하는 영향력있는 인기 마케팅을 진행해왔습니다.

정규직 전환 시에는 한일 컨텐츠 기획 및 마케팅 팀원으로 일하게 되시기에 더 큰 기회를 만드실 수 있습니다.
마케팅 및 리서치 업무로 재택 근무 및 다른 업무 (공부, 아르바이트)와 같이 하실 수 있습니다.

많은 지원 부탁 드립니다🙇🏻‍♂️","🔹 프로젝트에 따른 성과금
기본 지급 비용 외 프로젝트에 따른 성과금 측정하여 별도 지급
🔹 한국에 유학 또는 워킹홀리데이 온 일본인",,"🔹 근무 시간 조정 가능
🔹 재택 근무 가능/원격 근무 가능",담당자,1588-9350,FALSE,helpdesk@jobkorea.co.kr,FALSE,,0,TRUE,BASIC,A090049,마케팅 리서치,HOMEPAGE,https://www.klik.co.kr/jobs/0HXCRVDK0557D,JPN,NATIVE,FALSE,"D-2, D-4, D-10"
IP14,㈜맘모스,KLIK,안동시 맘모스 제과점 Baking Staff (F-2-R비자전환가능),FULL_TIME,IRRELEVANT,BACHELOR,2/14/25,1100000000,1168000000,"[ 제과점 제품 생산실 보조 ]
빵,과자,케익,디저트 생산보조 업무
재료 준비,손질,생산실 정리 청소
Baking assistant staff: making bread,cake,dessert,kitchen cleaning etc","•제과점,음식점,식품 가공,제조 공장 등 근무 경험자
Bakery or cafe,restaurant career
manufacturing plants or production operations career

•최소 1년 이상 근무 가능한 자
Work for at least 1 year

*D-2, D-10 비자 소지자는 TOPIK level 4부터, KIIP level 4부터 근무 가능합니다.
*시간제 취업 후 F-2-R비자 신청 가능합니다.
-출입국관리사무소(T:1345),K드림외국인지원센터에 문의
-비자 허가에 필요한 서류 중 본인 국가에서 발급한 범죄경력 증명서 필요(취업 전 미리 준비 필수)
-안동시 또는 예천군으로 체류지 변경 필수

Our company strictly complies with the Employment and Labor Act, so part-time workers are not hired from TOPIK levels 1 to 3.
(Also the same for those below KIIP level 4.)
Please be aware that illegal employment may result in foreigners being caught at the immigration office, and fines or deportations will be imposed.
Please apply after qualified TOPIK level requirements",,"-주 6일 07:00-16:00 (평일 휴무 weekday off)
-시간제: 평일 6.5시간, 주말 8시간*
-회사 직원 식당 점심식사 제공, 유니폼 제공, 휴게실
-4대보험 가입, 연장수당, 휴일수당, 연차수당 지급,퇴직연금 가입

*시간제: F-2-R 비자 허가 완료 전까지 시간제 근무",담당자,1588-9350,FALSE,helpdesk@jobkorea.co.kr,FALSE,MONTHLY_SALARY,2870000,FALSE,BASIC,A040016,주방 보조,HOMEPAGE,https://www.klik.co.kr/jobs/0JAKG2RC6F97K,,,FALSE,"D-2, D-10, F-2, F-4, F-5, F-6"
IP15,㈜키즈페이,KLIK,Looking for a native English teacher,FREELANCER,IRRELEVANT,IRRELEVANT,2/14/25,1100000000,1168000000,"This recruitment is for [Freelance English Teachers].

Kids Pay is recruiting overseas Koreans, and only foreigners with legal visas (F2/F4/F5/F6) can apply. *Visa status must be included in the resume.

The amount of payment varies depending on the contract period, completion of training, and class attendance period.

The class time is selected by the instructor who conducts the class between 10:00 and 16:00.

The following are examples and options selected by the freelance instructor.

If you conduct classes for 4-5 hours a day (10:00-16:00) at a kindergarten or daycare center.

A minimum of 2 million won and a maximum of 3.4 million won will be paid. (3.3% personal income tax and WCI (Workers' Compensation Insurance 0.292%) before deduction

1. Role of English Instructor

English instructors go to kindergartens and daycare centers contracted with Kidspay and teach with children.

2. Procedure

When applying, an interview is conducted with a foreign manager in charge of each region.

If you pass the interview, you will receive training.

After that, you will observe the actual class of the manager instructor and write a contract.

It can be shortened, but not increased.",,,"3. Work location
Gangnam, Songpa, Namyangju, Hanam, Suwon, Ilsan, Goyang, Yongin, Incheon, Pyeongtaek, Dongtan, Hwaseong, Seoul, Gyeonggi-do

4. Working conditions
Class time is up to 4~5 hours. 10:00~16:00.
25,000 won per 30 minutes (1 time) class.",담당자,1588-9350,FALSE,helpdesk@jobkorea.co.kr,FALSE,,0,TRUE,BASIC,A050024,원어민 영어 교사,HOMEPAGE,https://www.klik.co.kr/jobs/0HAJX32NTTD4N,ENG,NATIVE,FALSE,"F-2, F-4, F-5, F-6"
IP16,에스피이피센터,KLIK,2025 Summer Intensive Program(Apgujeong),CONTRACT,IRRELEVANT,BACHELOR,2/14/25,1100000000,1168000000,"Have you been looking to experience an exciting culture of Korea? Would you like to teach highly motivated students who are eager to learn? One-Stop Prep / 100 Classics conducts intensive courses during June, July and August for our annual Summer Intensive for SAT and junior literature programs!
If interested, please submit resume, recent photo and company application form to hrd2@intimesin.com (only shortlisted applicants will be contacted). Thank you and we look forward to hearing from you!

[Summer Intensive Program Offers]
• Junior Literature
• SAT (Reading, Writing) and ACT
• AP Subjects (Math up to calculus, Biology, Chemistry, US History, World History)

[Location /Class Schedule]
• Seoul, Gangnam-gu near Apgujeong Station (Subway Line. no. 3)
• Must be available to teach five days a week for approximately 30 ~ 40 hours per week
o Actual teaching hours may vary due to class schedule and employee’s performance
• Further details of class schedule, size, etc., will be discussed during the interview

[Training & Session Schedule]
• All candidates must attend mandatory training
o June Training: 06/09 ~ 06/13
✓ Option 1 (2 months): 06/16 ~ 08/08
✓ Option 2 (3 months): 06/16 ~ 08/27 (Must be willing to teach junior literature)
• Dates are subject to change according to the summer schedule

[Compensation]
• 30,000KRW per hour (Negotiable based on qualification)
• Instructor may work up to 40 hours a week and make up to 4,800,000KRW per month and 14,400,000KRW for three months of work
• 35,000KRW per hour for advanced math

[Benefits]
• Visa Sponsorship
• Airfare support
• Housing allowance support
• Health Insurance
• Korean Pension plan (dependent on nationality/visa type based on Korean law)
• Paid professional teacher training
• Weekly & monthly reward for best teachers
• Welcome packet and company uniform

[Airfare Reimbursement]
Company will provide instructor with economy class airfare between Seoul, Korea to instructor’s home country’s international airport upon successful completion of the contract term
• Round-trip : For working 3 months of the Summer Intensive
• One-way: For working 2 months of Summer Intensive

[Housing Support]
The company will provide housing stipend or accommodation for instructors for the duration of employment. Should instructors decide to utilize company housing, the company will pay for the monthly rent payment for the duration of the employment. The company housing will be dormitory-style studio apartments in Gangnam-gu area. If instructors decide to opt for housing stipend, the company will provide housing stipend in the amount of up to 400,000 KRW.","[Qualification]
• Must be eligible to work in Korea with an appropriate visa or must be a Korean national
o Must hold passport from USA, Canada, UK, Ireland, NZ, Australia, and South Africa
o Must hold minimum of Bachelor degree (notarized and Apostilled diploma)
o Must have clean nationwide criminal background check (with an Apostille)
• Candidates who can teach advanced math or science are preferred",,,담당자,1588-9350,FALSE,helpdesk@jobkorea.co.kr,FALSE,,0,TRUE,BASIC,A050024,국제학교 교사,HOMEPAGE,https://www.klik.co.kr/jobs/0JNSSDBRHWN7R,ENG,NATIVE,FALSE,"F-2, F-4, F-5, F-6, D-10, E-2"
IP17,㈜키즈페이,KLIK,Freelance English Instructor-only f visa,FREELANCER,IRRELEVANT,IRRELEVANT,2/14/25,1100000000,1168000000,"""Kids Pay offers new and fun classes to kindergartens and daycare centers.

This recruitment is for [Freelance English Instructors].

KidsPay is looking for native English speaking teachers. with legal visas (F2/F4/F5/F6) can apply.
*Visa status must be included in the resume.

The amount of payment varies depending on the contract period, completion of training, and class attendance period.

The class time is selected by the instructor who teaches between 12:00 and 16:00.

The following are examples and options selected by the freelance instructor.

If you teach 4-5 hours a day (12:00-16:00) at a kindergarten or daycare center.

A minimum of 2,000,000 won and a maximum of 3,400,000 won will be paid. (3.3% personal income tax and WCI (Workers' Compensation Insurance 0.292%) before deduction

1. Role of English Instructor

English instructors go to kindergartens and daycare centers contracted with Kidspay and teach with children.
-Each class lasts 30 minutes, and the necessary educational materials and teaching aids are sent by the company every month.
-The classes include learning new nursery rhymes, learning vocabulary, phonetics, and games.

2. Process

When applying, an interview is conducted with a foreign manager in charge of each region.
If you pass the interview, you will receive training.
After that, you will observe the actual class of the manager instructor and write a contract.


3. Work area

Gangnam/Songpa/Seocho, Gangdong, Hanam, Seongnam, Goyang/Gimpo, Gwangmyeong/Siheung/Bupyeong, Uiwang/Gunpo, Guro/Gangseo, Hwaseong/Suwon, Pyeongtaek/Anseong

4. Working conditions
The maximum class time is 4~5 hours. 12:00~16:00.
30 minutes per class (1 class) 25,000 won.

If you have a car, you can work more.

Young children have love, envy, affection, and trust for their teachers. If you start lightly and apply for a short-term part-time job, Kidspay recommends looking for other industries.

5. Other
Kidspay's English content
This is an English project that children can enjoy at their own level.
It's not about studying English, it's about playing with English.

6.Start date of employment
: from March 2025

*Please read carefully
https://teacher.kidspay.co.kr/applyteacher.vjs Please access this link, fill out the information, and send a text message. If you don't mind if the area you can work in is far from your residence, please include the relevant information in the text message.
or
Please send your resume by email. Please include your available work location, time zone, days of the week, whether you have a car, and type of visa in your email.

e-mail address : jwkim@kidspay.co.kr
phone call : 010-3072-2881

★Please apply only to those with an F visa.★""","- It would be nice if you had a driver's license
- It would be great if you have experience teaching children or have children",,"- 12:00 ~ 16:00
- a freelance lecturer",담당자,1588-9350,FALSE,helpdesk@jobkorea.co.kr,FALSE,,0,TRUE,BASIC,A050021,원어민 영어 교사,HOMEPAGE,https://www.klik.co.kr/jobs/0HWM07R32TD3K,ENG,NATIVE,FALSE,"F-2, F-4, F-5, F-6"
IP18,㈜키즈페이,KLIK,Looking for Freelance english instructor,FREELANCER,EXPERIENCED,BACHELOR,2/14/25,1100000000,1168000000,"[english nori]
English instructors go to kindergartens and daycare centers contracted with Kidspay and teach with children.
-Each class lasts 30 minutes, and the necessary educational materials and teaching aids are sent by the company every month.
-The classes include learning new nursery rhymes, learning vocabulary, phonetics, and games.

[block talk]
This instructor uses """"Bell Baby magnetic blocks"""" to help infants aged 3 to 4 develop the fine motor skills necessary for their development while also providing them sith fun activities.
- visit a daycare center and conduct a demonstration/ regular class on infant block play for 3-4 years old.

* Job Requirements
[english nori]
-People with talent and positive energy who can sing and dance along with children.
-People who can have fun playing with children as on.

[block talk]
-People who can make eye contact with young children and love them.
-People with warm hearts and generous hearts.

[Common Points]
- English Speakers.
-F2,4,5,6 visa","-Person with experience in education fields such as daycare centers, kindergartens, early childhood education, and visiting classes
-Native English speakers
-korean speaking
-car owner
",,"The maximum class time is 4~5 hours. 12:00~16:00.
'English nori' 30 minutes per class (1 class) 25,000 won.
'block talk' 20minutes per class (1class) 30,000 won.",담당자,1588-9350,FALSE,helpdesk@jobkorea.co.kr,FALSE,,0,TRUE,BASIC,A050024,원어민 영어 유치원 교사,HOMEPAGE,https://www.klik.co.kr/jobs/0JNPNV13CA55H,ENG,NATIVE,FALSE,"F-2, F-4, F-5, F-6"
IP19,㈜리팅랩스,KLIK,태국 CS 상담원(온라인) 경력직,FULL_TIME,EXPERIENCED,BACHELOR,2/14/25,1100000000,1168000000,"태국 환자 온라인 상담 및 고객 응대 / 주요 채널: 태국 라인(Thai Line)
태국 에이전시와의 연락 및 응대/ 태국 에이전시와의 원활한 커뮤니케이션
태국 현지 상담회 상담 통역 / 태국 상담회에서 전문적이고 정확한 통역
태국 환자 원내 상담 시, 상담 통역 / 병원에서 태국 환자 통역 지원","학력: 대졸이상(학사)
경력: 성형외과/피부과 태국어 환자 상담 업무 경험 2년~5년
언어: 타이어/영어 원어민 수준 구사
장기 근무 비자 가능자 (E/F) , 해외 출국에 결격 사유가 없는 자
Microsoft OS , SNS 기초 지식 보유자
성형수술, 시술, 피부 관리 등 뷰티에 관심이 많은 분",,"- 정규직
- 주5일(월~금), 10:00~19:00 (점심 13:00~14:00)
- 서울 강남구 강남대로 152길 22번지, 5층 (신사역 8번출구 도보 4분)
[복지혜택]
• 월 식대 20만원 별도 지급 (비과세)
• 직원 및 가족 대상 병원 할인 혜택 (연간 1,000만원 한도)
• 입사 기념일 포상 휴가+ 포상금 지급 (1년/2년/3년~ 혜택 up)
•  개인 성장을 위한 도서 구입비 지원, 온라인 교육 플랫폼 지원
• 생일 조기 퇴근
• 묻지도 따지지도 않는 반차/연차
• 명절 상여금 지급 (설, 추석)
• 산전 후 휴가, 육아 휴직 지원
• 팀 회식비 지급(회식 강요 없음)
• 저녁 제공(1인당 1만원 배달)
• 경조사지원(최소 20만원 ~ 최대 150만원)
• 퇴직금 별도",담당자,1588-9350,FALSE,helpdesk@jobkorea.co.kr,FALSE,,0,TRUE,ADVANCED,A070042,병원 고객 상담,HOMEPAGE,https://www.klik.co.kr/jobs/0HJMKZD8KD100,"ENG, THA","ADVANCED, NATIVE",TRUE,"F-6, D-10, F-4, F-2, F-5, E-7"
IP20,주식회사 인프랩,KLIK,[판교] 글로벌 마케팅 매니저 (일본어/日本語),CONTRACT,IRRELEVANT,IRRELEVANT,2/14/25,1100000000,1168000000,"- 커뮤니티 마케팅: 미국, 일본 등 담당 지역의 주요 온라인 커뮤니티에서 활동하며 잠재적인 인프런 유저들의 질문에 답변하고, 인프런의 유용한 콘텐츠를 소개합니다.
- 온라인 마케팅: 다양한 마케팅 채널과 방법을 통해 인프런의 콘텐츠와 서비스를 효과적으로 알리고, 신규 유저를 유입하는 전략을 실행합니다.","- 온라인 커뮤니티에서 소통하고 교류하는 것을 즐기는 분
- 비즈니스 레벨의 일본어를 구사하며, 한국어로도 원활하게 소통할 수 있는 분
- 사람들의 고민이나 궁금증을 듣고 이해하며 공감할 수 있는 분
- 문제를 함께 해결하는 것에 기쁨을 느끼는 분
- 솔직하면서도 부드럽게 소통할 수 있는 능력을 갖춘 분",,"✅확인사항✅
- 약 6개월의 기간 동안 계약직으로 근무합니다.
- 이력서가 접수되면 심사를 거쳐 서류 전형 통과자에게 개별 연락드립니다.
- 접수 마감일은 별도로 정해져 있지 않으며, 채용시 종료됩니다.
- 본 포지션에 대하여 궁금하신 점은 hiring@inflab.com으로 문의 바랍니다.

🌱근무 환경🌱
- 월요일 오후 1시 출근
- 인프런 강의 무제한 수강 가능
- 자기 계발을 위한 도서 · 교육비 지원
- 1시간 30분의 점심시간, 식대 지원
- 최신 버전의 업무 장비 지원
- 새로운 팀원과 가까워지는 랜덤 런치
- 2개월마다 찾아오는 리프레시 데이
- 재미있는 휴가들 (생일 조기퇴근...etc) 등",담당자,1588-9350,FALSE,helpdesk@jobkorea.co.kr,FALSE,,0,TRUE,ADVANCED,A090050,온라인 커뮤니티 마케팅,HOMEPAGE,https://www.klik.co.kr/jobs/0JED1ZER23S7K,JPN,NATIVE,TRUE,"D-2, D-4, F-2, F-5, F-4, F-6, D-10"
IP21,㈜단군소프트,KLIK,일본 현지 영업 관리 (경력),FULL_TIME,IRRELEVANT,IRRELEVANT,2/14/25,1100000000,1168000000,"세계로 나아가는 단군소프트

단군소프트는 한국을 넘어 APAC 지역의 소프트웨어 비즈니스를 선도하는 글로벌 기업으로의 도약을 목표로 하고
있습니다. 프로그래머와 디자이너에게 필요한 툴과 솔루션들을 제공하고 컨설팅 하며 DevOps 와 Design System
솔루션 공급을 위한 포트폴리오를 구축해 나가고 있습니다. 전문적인 능력을 보유하고 다양한 언어를 구사하는
구성원들의 노력으로 글로벌 기업으로의 도약을 하고 있으며, 유럽, 미국, 일본, 동남아시아 등 다양한 국가와 문화에
대한 적응력을 갖추기 위해 글로벌 네트워크를 확장하고 있습니다.

발전하는 단군소프트

단군소프트는 국내외 유명 소프트웨어 개발사와 파트너쉽을 보유하고 있으며, 제품 개발 및 디자인 프로세스 개선,
IT 인프라 컨설팅 및 기술지원, 백업 시스템 컨설팅 및 구축 등 고객의 비즈니스 성공을 위한 다양한 솔루션을 제공하고
있습니다. 새롭게 떠오르는 혁신적인 솔루션을 가장 먼저 파악하고 학습하여 지속적으로 신규 파트너쉽을 확장하고
있습니다. 다양한 파트너쉽과 전문적인 기술력을 바탕으로 고객의 요구사항에 맞는 맞춤형 서비스를 제공하고 있습니다.

[담당업무]
일본 현지 영업 및 법인 관리 (팀장급)
JetBrains 제품 기업 영업 (JetBrains 일본 총판)
일본 법인 영업관리 (JetBrains 일본 총판)
일본 온/오프라인 마케팅 운영 및 관리
일본 리셀러 및 파트너 영업 및 관리

[자격 요건]
학력 : 초대졸 이상
전공 : 무관
일본어 능숙자
Microsoft Office(Outlook, Excel, PowerPoint) 활용
업무 능숙자

[우대 사항]
해외법인 관리 경험자 우대
마케팅 업무 경험자 우대
외국어(영어) 능숙자 우대","중국어가능자, 일본어가능자, 관련 자격증 보유자, 유관업무 경력자, 관련 학과 전공자, 영어가능자, 컴퓨터활용능력 우수자",,"산재보험, 고용보험, 경조금, 건강보험, 건강검진, 음료/간식 제공, 아침 식사 지원, 경조휴가, 국민연금 , 웰컴키트, 탕비실, 연차제도",담당자,1588-9350,FALSE,helpdesk@jobkorea.co.kr,FALSE,,0,TRUE,ADVANCED,A080044,영업 관리,HOMEPAGE,https://www.klik.co.kr/jobs/0H1M0DG8BX97X,"ENG, JPN","ADVANCED, ADVANCED",FALSE,UNKNOWN
IP22,에스피이피센터,KLIK,[FT] Biz English Teacher -Seoul/Gyeonggi,FULL_TIME,EXPERIENCED,BACHELOR,2/14/25,1100000000,1168000000,"[FT] Biz English Instructor
[Job Description]
• Type of Class: Business English & Communication Skills (Speaking)
• Students: Business Professionals
• Levels: All levels
• Class size: Group class and/or 1:1
• Curriculum: Standardized Curriculum and Course Books (training provided)

[Basic Qualifications]
• Candidates with prior Experience in corporate field (over 1 year) or teaching business English (over 1 year) is preferred
• Bachelor’s degree in Business, Education or English is preferred

[Full-Time Locations]
[FT] Seoul & Gyeonggi (서울 & 경기)
• Schedule varies depending on the main teaching location
➢ Seoul: Seocho, Gangnam, Yongsan, Yeongdeungpo, Online, etc.
➢ Gyeonggi: Uiwang, Pangyo, Gwangmyeong, Yongin, Hwasung, Anyang, Online etc.
• Class Schedule: 5~8 teaching hours/day
➢ Monday ~ Friday 7AM ~ 5PM or 11AM ~ 8PM
➢ Monday ~ Friday 8AM ~ 6PM or 10AM ~ 7PM
➢ Monday ~ Friday 2PM ~ 10PM
➢ Monday ~ Friday 10AM ~ 6PM or 12PM ~ 8PM
• Lunch or dinner break available
• Start Date:
➢ April 28, 2025 (one week training in April)

[Salary]
• Based on 100 ~ 120 teaching hours: 2.5 ~ 2.87 million
• Extra housing stipend of 400,000KRW will be provided for E2 and F visa only
• Best Teacher Awards

[Full-time Teaching Position Benefits]
• E2 Visa Sponsorship
• Health Insurance
• Korean Pension plan (dependent on nationality/visa type based on Korean law)
• Severance
• Paid annual leaves and national holidays
• SPEP’s professional teacher training
• Housing allowance support for E2 and F visa holders
• Airfare support for E2 and F visa holders","[Minimum Requirements for any of our teaching positions]
• Must be native English speakers from USA, Canada, Australia, UK, New Zealand, Ireland, and South Africa to be eligible for E2 Visa
• All potential candidates must hold a minimum of a Bachelor degree from an accredited four-year university located in a country in which the native language is English (USA, Canada, Australia, UK, New Zealand, Ireland, and South Africa).
• Must have Original Diploma *Notarized with an Apostille
• Must have Nationwide Criminal Background Check *with an Apostille",,"Speaking Proficiency Enhancement Program (SPEP)
SPEP is one of the fastest growing and promising educational institutions specializing in English speaking enhancement. SPEP is looking for professional corporate trainers in all areas who wish to expand career into business English education.

Please submit your recent resume, photo, and SPEP application form to hrteam2@spep.co.kr. (Only short-listed applicants will be contacted. Thank you for your understanding.)",담당자,1588-9350,FALSE,helpdesk@jobkorea.co.kr,FALSE,,0,TRUE,BASIC,A050024,원어민 영어 교사,HOMEPAGE,https://www.klik.co.kr/jobs/0JNSQMD9FK97J,ENG,NATIVE,FALSE,"F-4, F-2, F-5, F-6, D-10, E-2"
IP23,하이디라오 코리아(유),KLIK,하이디라오코리아(유) 대학로점 홀서비스 주방보조 직원 채용,FULL_TIME,EXPERIENCED,BACHELOR,2/14/25,1100000000,1168000000,"홀서비스: 메뉴주문 서빙 고객관리 예약관리 위생관리 등

주방보조: 재료손질 간단메뉴조리 식기세척 서빙 주방위생관리 등

네일아트: 대기손님 케어/젤네일 간단서비스 제공 등","-인근거주자, 즉시출근가능자, 유사업무경험자, 보건증 소지자

-서비스업계 이해도가 높은 자",,"*급여

[정직원]

-10시간제：280만원~300만원

-8시간제：240만원~250만원

-야간(9시간제) : 320만

（수습기간 1~3개월, 업무평가에 따라 정직원 조기 전환 가능）



[파트타임]

급여: 시급 11,900원(주휴수당 포함)

연장, 심야, 공휴일수당 별도지급



*근무시간 : 주5일 (휴무일 협의가능)

- 10시간제 : 10:00~22:00 (휴게시간 2시간 포함)

- 8시간제 : 10:00~20:00 (휴게시간 1시간 포함)

- 9시간제(야간) : 22:00~08:00(휴게시간 2시간 포함)

- 파트타임: 매장과 협의",담당자,1588-9350,FALSE,helpdesk@jobkorea.co.kr,FALSE,,0,TRUE,BASIC,A040018,주방보조,HOMEPAGE,https://www.klik.co.kr/jobs/0H5TDKWGETD5M,CMN,NATIVE,FALSE,"F-2, F-5, F-4, F-6, D-2, D-4"
IP24,㈜툰잉,KLIK,"독일어 에디터 (1년, inhouse)",CONTRACT,IRRELEVANT,IRRELEVANT,2/14/25,1100000000,1168000000,"1) 번역

- ‘한국어-독일어’ 웹툰 번역
- ‘한국어-독일어’ 웹툰 번역물 감수 및 QC


2) 일정 및 인력 관리

- 프리랜서 인력 관리


3) 품질 관리

- 번역 컨텐츠 품질 관리
- 작품 관련 정리 자료 작성(설정집/Glossar)","[필수요건]



- 나이, 성별 무관
- 해당 직무 경력 1년 이상 (웹툰/웹소설 등 콘텐츠 한-독 현지화 경험)
- 한국인 또는 취업 가능한 비자 소지자 (E7, F2, F4, F5, F6)
- 원어민 수준의 독일어&한국어 능력
- 독일어 : 최소 Abitur 졸업 수준, 문법에 강하신 분
(ex : 문장부호 사용법 등)
- 외국인의 경우 TOPIK 6급 이상 혹은 그에 준하는 한국어 능력
- 작업 일정을 잘 세우고 지키시는 분
- 꼼꼼하고 성실하신 분
- 다양한 웹툰 장르에 친숙하신 분 (BL/GL, 사극, 판타지, 로맨스, 성인물, 액션, 스릴러 등)",,"- 계약 형태 : 1년 계약직
- 근무 지역 : 서울특별시 중구 서소문로 89-31 알라딘 빌딩 9층
- 근무 시간 : 월요일부터 금요일까지 주 5일 / 주 40시간
- 유연근무제 (7am ~ 10am 자유롭게 출근)
- 급여 : 면접 후 결정",담당자,1588-9350,FALSE,helpdesk@jobkorea.co.kr,FALSE,,0,TRUE,NATIVE,A130071,통번역,HOMEPAGE,https://www.klik.co.kr/jobs/0HC7C306QQD7Z,DEU,NATIVE,TRUE,"F-2, F-4, F-5, F-6, D-10, E-7"
IP25,㈜파고다아카데미,KLIK,[파고다교육그룹] 영어/일본어/중국어/베트남어 원어민 선생님 모집,FREELANCER,IRRELEVANT,BACHELOR,2/14/25,1100000000,1168000000,"▷ 파고다어학원 (그룹 강의) - 영어 / 일본어 / 중국어 / 베트남어
▷ 파고다원 (1:1 강의) - 영어 / 일본어

▶ 해당 언어가 모국어인 외국어 원어민 선생님 모집
▶ 한국인 수강생 대상으로 외국어 회화 강의 진행

- 영어 선생님
- 일본어 선생님
- 중국어 선생님
- 베트남어 선생님","- 학원 강의 / 그룹 과외 경험 보유
- 교육 등 동종 업계 경력 보유
- 해당 언어 / 교육 관련 전공자
- 아포스티유 (영사공증) 보유",,"ㅁ 프리랜서 계약을 통하여 우호적인 파트너 관계 유지
ㅁ 풀타임/파트타임, 주중/주말반, 아침/저녁반 등 다양한 스케줄을 선생님과 상호 협의를 통하여 조율
ㅁ 서울 - 강남, 종로, 신촌 / 부산 - 서면, 부산대 (희망 지역 선택 가능)",담당자,1588-9350,FALSE,helpdesk@jobkorea.co.kr,FALSE,,0,TRUE,INTERMEDIATE,A050024,원어민 영어 강사,HOMEPAGE,https://www.klik.co.kr/jobs/0H6CM0J43QD6Y,"CMN, ENG, JPN, VIE","NATIVE, NATIVE, NATIVE, NATIVE",FALSE,"F-2, F-5, F-4, F-6"
IP26,㈜하이퍼라이프케어,KLIK,"English Membership Club_Seocho(F,H Visa)",PART_TIME,IRRELEVANT,IRRELEVANT,2/14/25,1100000000,1168000000,"A. Job Information
-Please carefully review the job details and submit your CV along with the following information:
1. A recent photo
2. Your current location and contact number in Korea
3. The type of visa you hold
4. Your available working days (weekdays/weekends)

-We are looking for candidates who are available to work both weekdays and weekends (Saturday & Sunday).

B. Job Description:
-Teachers will be responsible for engaging students aged 3 (36 months) to 9 years old in fun and educational activities.
Classes include: Phonics /Art / Science/ Reading/ Speech / Fitness/ 1:1 Tutoring /Mensa-approved board games and chess / Lego / Baking / Gym / Flower arrangement
-Teachers are required to prepare and plan the class in advance, ensuring they know the lesson content before starting.
-For activities like Art or Science, teachers should prepare the kits or materials ahead of time to ensure smooth and engaging lessons.
-Print out any necessary worksheets for students in advance.

C. Preferred Visa Types: (H, F visa holders)
→Preferred: H1, F visa holders (No F1 or F3)

→D2, D4 visa holders (needed a work permit)
-Apostilled Police Certificate
-Physical Examination Record (including a drug test)

→We DON'T sponsor E visa

D. Pay:
→Part-Time: -OJT (Minimum 28 hours training): 11,000 KRW/hour (taxed at 3.3%)
-Basic Rate: 12,000 KRW/hour (taxed at 3.3%)


E. Location:
1F, 76-21, Seocho-daero 64-gil, Seocho-gu, Seoul, Samsung Reports Center","-Native English speakers from the following countries: United States, United Kingdom, Canada, Australia, New Zealand, Ireland, South Africa. If you're not a native speaker from the above countries, you must be confident and fluent in English.
-Strong English writing skills
-Active, approachable, and enjoy working with children
-Good teamwork and collaboration with colleagues
-Punctual, proactive, and able to take initiative",,"Working Hours:
-Weekdays: 2:30 PM - 6:00 PM
-Weekends & National Holidays: 9:30 AM - 6:00 PM
-Lunch Break: 1:00 PM - 2:00 PM (unpaid)",담당자,1588-9350,FALSE,helpdesk@jobkorea.co.kr,FALSE,,0,TRUE,BASIC,A050024,영어 유치원 교사,HOMEPAGE,https://www.klik.co.kr/jobs/0JPPES554A563,ENG,ADVANCED,FALSE,"F-2, F-5, F-4, F-6, D-10"
IP27,블루타이거 그랜드조선,KLIK,English Native speaker Hiring! (F/H visa),CONTRACT,EXPERIENCED,BACHELOR,2/14/25,1100000000,1168000000,"Teachers will be responsible for leading classes to students ages 4 (36 months) - 9 years old.
Classes include: Phonics, Art, Science, Reading, Speech, Fitness, 1:1 Tutoring, Mensa Approved Board Games, and Chess.
Special classes include: Lego / Baking / Gym / Flower etc

Lesson plans and needed materials are provided for the classes.","Those who can stay for 6 or more months.
Applicants from American or European countries.
H-1, F-4, F-6 Holders",,"5 working days : days that the teacher will work on will be discussed during the interview.
Weekday hours 2:30-7:00pm
Weekend hours 9:30am-6:00pm
Hourly rate: 12,000-14,000 won",담당자,1588-9350,FALSE,helpdesk@jobkorea.co.kr,FALSE,,0,TRUE,BASIC,A050021,원어민 영어 교사,HOMEPAGE,https://www.klik.co.kr/jobs/0JJJWY0DTB56V,ENG,NATIVE,FALSE,"F-2, F-5, F-6, F-4, E-1, E-3, E-5, E-7, E-6, E-4, E-2"
IP28,삼성바이오에피스,KLIK,[Samsung Bioepis] 유학생 Full-Time (R&D),FULL_TIME,IRRELEVANT,BACHELOR,2/14/25,1100000000,1168000000,"Responsible for develops and supplies high-quality biosimilar medicines more quickly.

□ Development: Responsible for the process development of cell line/cell culture/purification, development of formulation and packaging, analysis for product quality evaluation, and technology transfer for commercial manufacturing.
□ Clinical/Medical Affairs/Regulatory Affairs: Responsible for global clinical trial operations, writing regulatory documents, responding to requests from agencies, and managing and reporting drug safety information through medical thesis/academic monitoring.
□ Quality Assurance: Responsible for ensuring product quality across the entire pharmaceutical lifecycle, from development through manufacturing, quality evaluation, shipment, and the stage where patients use the product.
□ Manufacturing: Responsible for the preparation of commercial manufacturing of developed drugs, management of CMOs, and all tasks related to checking the quality and yield of products.","Common Qualifications
Must be legally eligible to work in Korea with no restrictions on traveling

Must meet the qualifications for either an E3 visa (for R&D fields) or E7 visa (for Management fields)

Must be available to start in Jul./Aug. 2024

Required Majors : Biology, Medicine, Chemistry/Chemical Engineering and related majors",,,담당자,1588-9350,FALSE,helpdesk@jobkorea.co.kr,FALSE,,0,TRUE,INTERMEDIATE,A050026,연구개발,HOMEPAGE,https://www.klik.co.kr/jobs/0H64E5XQEWS1M,,,TRUE,"D-2, D-10, E-3, E-7, F-2, F-4, F-5, F-6"
IP29,코리아 잡상인,KLIK,마이크로 인플루언서 (UGC content creator) 모집,PART_TIME,IRRELEVANT,IRRELEVANT,2/14/25,1100000000,1168000000,"한국의 7가지 조선의 전통 원료를 활용한 프리미엄 웰니스 티 브랜드입니다. 자연 유래 성분으로 소화와 붓기 완화에 도움을 주며, 건강하면서도 맛있고 간편하게 즐길 수 있는 차를 제공합니다. 현재 미국에서만 판매를 진행하고 있습니다.

자사 제품을 활용한 UGC 콘텐츠를 촬영해주실 마이크로 인플루언서를 찾고있습니다.
일반적인 협업 순서는 아래와 같습니다.

1. 제품 패키지 무료제공 (약 7일간 테스트 진행) 및 간단한 콘텐츠 업로드
2. 제품의 특징과 장점을 자연스럽게 전달할 수 있는 UGC콘텐츠 제작 및 본인 계정에 업로드
3. 인스타 계정에 업로드한 영상은 자사에서 페이스북/인스타 PAID 광고로 활용: 계정 노출도 ↑

*추가 비용의 경우 계정 영향력에 따라 협의 진행합니다.","우대사항
- 미국인 크리에이터 우대(타겟 시장이 미국)
- 영상 제작 시 가이드라인 제작
- 30$상당의 제품 무료 제공 및 모든 비용 자사 부담
- 추후 광고/웹사이트 동의 후 활용 시, 계정 자동 홍보

자격요건

- 고급 이상의 영어 실력
- 팔로워 500이상 50k이하의 계정을 갖고계신 마이크로 인플루언서 분 (Instagram)
- SNS계정을 성장 시키고 인지도를 얻고 싶으신 크리에이터 분",,,담당자,1588-9350,FALSE,helpdesk@jobkorea.co.kr,FALSE,,0,TRUE,BASIC,A130070,인플루언서 마케팅,HOMEPAGE,https://www.klik.co.kr/jobs/0JNSDXBQMA53P,ENG,ADVANCED,FALSE,UNKNOWN
IP30,㈜닥터뷰,KLIK,영어/일본어/중국어 각 (의료통역 및 병원마케팅) 실무업무,FULL_TIME,EXPERIENCED,BACHELOR,2/14/25,1100000000,1168000000,"해외, 국내 병원마케팅기획 및 집행.

- 병원 온라인광고기획 및 집행

+ 유튜브, 인스타, 페북등 커뮤니티 광고

+ 병원 컨텐츠광고기획

+ 구글키워드광고

+ 커뮤니티 광고 집행



- 통번역

+ 한국내병원 통번역

(네트워크 피부과 전담업무입니다)

+ 해외병원 통번역

+ 홈페이지 및 온라인광고영역 통번역 외 기타","컴퓨터활용능력 우수자, 중국어가능자, 영어가능자, 통계분석·리서치 능숙자, 영어능통자(원어민수준), 일본어가능자, 유관업무 경험자(인턴·알바), 영어권 거주자

[필수사항]

- 학력 : 무관
- MS오피스 사용가능자

- 해외근무에 결격사유가 없는 자

- (영어 / 일본어 / 중국어 ) 각각 읽기,쓰기,말하기 능통자

(원어민 우대, 구직비자, 체류비자, 결혼비자 보유자) - 취업비자는 근무후 6개월~ (개인능력에 따름) 발급가능합니다.



[우대사항]
- 커뮤니케이션(소통)에 능통한 자

- 프레젠테이션이 가능한 자

- 관련한 업무 경력자

- 온라인광고에 이해가 있는자

- 병원통번역 경력자",,"주5일
건강보험, 연차제도, 주5일제, 퇴직금, 퇴직연금, 고용보험, 국민연금 , 산재보험, 경조금",담당자,1588-9350,FALSE,helpdesk@jobkorea.co.kr,FALSE,,0,TRUE,ADVANCED,A060030,병원 마케팅,HOMEPAGE,https://www.klik.co.kr/jobs/0H0PP0GWWT17Y,"CMN, ENG, JPN","ADVANCED, ADVANCED, ADVANCED",TRUE,UNKNOWN
IP31,콘센트릭스서비스코리아(유),KLIK,글로벌 Tech PMO,FULL_TIME,EXPERIENCED,BACHELOR,2/14/25,1100000000,1168000000,"- 글로벌 IT Outsourcing을 위한 PMO 업무
- 요건 정의/설계, 개발자 Communication","[필수]
- 영어 커뮤니케이션 능숙하신 분
- Project 관리, 요구사항의 정의/상세화, 개발자와의 Communication 경험
- 긍정적이고 적극적인 태도, 협업 역량
- 글로벌 기업 및 고객사에서의 업무 경험을 원하시는 분

[우대]
- 글로벌 Offshore IT Outsourcing 경험
- 이커머스 관련 설계 / 개발 경험
- 고급 개발자의 경우, 개발 업무 외 파트리더로서 개발 공수 산정, 파트원 개발 가이드 / 리뷰 업무 가능하신 분
- 공대 또는 컴퓨터 관련 학과 졸업생 우대",,,담당자,1588-9350,FALSE,helpdesk@jobkorea.co.kr,FALSE,,0,TRUE,ADVANCED,A010002,프로젝트 매니지먼트,HOMEPAGE,https://www.klik.co.kr/jobs/0J884HWK5SD7R,"ENG, VIE","ADVANCED, ADVANCED",TRUE,"F-5, F-4, F-6, F-2"
IP32,에이치앤엠헤네스앤모리츠㈜ COS,KLIK,COS 가로수길점-Sales Advisor PT20,FULL_TIME,IRRELEVANT,IRRELEVANT,2/14/25,1100000000,1168000000,"현재 COS 가로수길점 에서 채용 중인 Sales Advisor 포지션은 주당 20 시간/30 시간의 파트타임이며 주말과 저녁 교대 근무를 포함합니다.

주요 업무 내용은 고객에게 우수한 퀄리티의 서비스를 제공하며 계산대, 피팅룸 및 스토어에서 제품 판매, 배송 처리, 재고 보충 및 매장에서 최신 컬렉션을 판매하는 것입니다.

스토어에서 고객 서비스 경험과 섬유 소재에 대한 지식이 있는 분을 우대하지만 필수 조건은 아닙니다. ","중국어 원어민 수준,한국어 모두 비지니스 회화 수준을 가진 분을 찾습니다.

자격 요건
고객 중심적 사고와 상업적 사고
트렌드와 패션에 대한 관심
긍정적이며 오픈 마인드 사고
배우고자 하는 의지와 빠른 적응력
협력적이고 포용적인 성격
자기 동기 부여, 자신감 및 회복력
스케줄 근무가 유동적으로 가능하신분 / 주말 근무가 가능하신 분
주 20시간(3-5일 출근) 근무가 가능하신 분
장기적으로 브랜드 안에서의 성장을 원하시는 분
타 매장과의 중복지원은 불가함을 알려드리며 중복지원시, 임의로 한 매장에서의 채용만 진행됨을 알려드립니다.",,"추가 정보
COS는 신규 입사자에게 종합적인 입사자 교육, 수준 높은 훈련, 입사 초기 며칠, 몇 주, 몇 달 동안 여러분을 지원해주는 멘토를 제공합니다.

COS는 신규 입사자에게 종합적인 교육을 실시하며 포지션에 따른 급여는 아래와 같습니다.

Part-Time : 시급 13,370원 + 분기별 매장 인센티브(분기별 목표달성시 지급)

COS의 모든 직원에게는 H&M 그룹의 모든 브랜드에서 할인 혜택이 제공됩니다. 복지 혜택은 기업이 직원에게 감사의 마음을 표현하는 방식입니다.

25 % 직원할인 (Online + 자매 브랜드)
HIP (장기근속 인센티브 프로그램)
직원 건강검진 : 연 1회
건강지원금(Wellness contribution)
경조사 휴가와 지원금
장기근속자 복리후생(Long service Contribution)
자원봉사 베네핏
매장 인센티브 제도
내부 career 승진 지원 및 교육",담당자,1588-9350,FALSE,helpdesk@jobkorea.co.kr,FALSE,,0,TRUE,ADVANCED,A080046,판매 보조,HOMEPAGE,https://www.klik.co.kr/jobs/0J8ZBQMRXSD4V,CMN,NATIVE,FALSE,"F-2, F-5, D-2, D-4, D-10"
IP33,디막,KLIK,연남동 태국음식점 디막에서 주방직원 모집합니다(주4일),FULL_TIME,IRRELEVANT,IRRELEVANT,2/14/25,1100000000,1168000000,"연남동 태국음식점 디막에서 주방직원을 구인합니다.

디막은 태국요리 음식점으로 웍을 통한 볶음위주의

태국음식을 주로 판매하는 업종입니다.

주방 조리 지원시 웍사용이 능숙한 분을 우대합니다.","태국음식점,베트남음식점,중국음식점 경험자, 한국어 유창하게 가능",,"근무시간은 10:30~21:00

주4일 (월화수휴무) 220만 3달차부터 230만

20시50분 마감이라 21:00전후로 퇴근합니다.

금토일은 23시까지 영업하며, 2조로 근무합니다

주말 오픈조 10:30분~21:00분
주말 마감조 13:30~23:00분
(주말은 오픈조 마감조 2명식 교대)



근무복 및 모자 지급되니 참고바랍니다.",담당자,1588-9350,FALSE,helpdesk@jobkorea.co.kr,FALSE,,0,TRUE,BASIC,A040016,주방 보조,HOMEPAGE,https://www.klik.co.kr/jobs/0H0ZBD253X96C,,,FALSE,"F-2, F-5, F-4, F-6, E-7, D-2, D-4, D-10"
IP34,주식회사 열한시,KLIK,[명동/충무로/인현동] 객실 청소 담당 룸메이드 아르바이트 모집,FREELANCER,IRRELEVANT,IRRELEVANT,2/14/25,1100000000,1168000000,"1️⃣ 일한 만큼 얻는 나만의 수입 창출!
2️⃣ 경험이 없어도 교육 후, 바로 시작 가능!
3️⃣ 날씨 상관 없이, 준비물 없이 부업 가능!

► 하우스키핑 기술을 익혀 일할 수 있는 '키퍼'를 모집합니다.
► 객실 크기와 난이도, 개인별 청소 숙련도에 따라 더 많은 수입을 얻어가실 수 있습니다.
► 근무 요일/시간도 협의 가능합니다. 주 업무 시간은 11:00~16:00입니다.
► 청소가 처음이어도 괜찮아요! 교육이 준비되어 있습니다. 교육과 함께 직접 클리닝 업무 수행하실 수 있습니다 :)

▪ 객실(원룸,투룸 등) 전체 청소 담당
- 베딩, 침실 청소
- 화장실 청소
- 주방 청소
- 객실 비품 세팅
- 린넨실 정돈","평일, 주말 모두 근무 가능하신 분
주 4일 이상 근무자
한국어 소통 가능",,"▪ 일하는 요일 협의 가능합니다.
▪ 임금은 시급이 아닌 클리닝 건별 기준으로 지급합니다.
▪ 신규 키퍼님의 경우 수습기간 동안 브론즈 등급 클리닝 단가가 적용됩니다.
(위코스테이 남산점 브론즈 등급 클리닝 단가는 7,500원 ~ 11,500원)
▪ 수습기간 이후, 실버 등급으로 상향 조정되어 클리닝 단가 10,500원~16,100원이 적용됩니다.",담당자,1588-9350,FALSE,helpdesk@jobkorea.co.kr,FALSE,,0,TRUE,ADVANCED,A070033,호텔 스태프,HOMEPAGE,https://www.klik.co.kr/jobs/0H1AHV4YVX93G,,,FALSE,"F-2, F-5, F-4, F-6, D-2, D-4"
IP35,한무컨벤션㈜,KLIK,Oakwood Premier Hotel Front Desk,FULL_TIME,IRRELEVANT,IRRELEVANT,2/14/25,1100000000,1168000000,"객실팀 / 식음팀 / 조리팀

-객실팀: 호텔 고객 응대

-식음팀: 레스토랑 홀 서비스

-조리팀: 조리보조","Qualifications

- applicants should have at least a Level 4 proficiency in the Test of Proficiency in Korean (TOPIK)
- No specific education or experience required
- Proficiency in English or Chinese
- Strong communication and interpersonal skills
- Must already possess valid work authorization in South Korea. (Opportunity to transition to an E-7 visa based on performance evaluation)",,"Scheduled Work System
Full-time

Employee Benefits:

-Incentive bonuses
-1,000,000 KRW travel allowance for international trips (for employees with 3, 6, 9, 12, or 15 years of service)
-Welfare points system
-Loan interest support
-Complimentary hotel stays
-Education support for employees' children
-Late-night taxi fare support
-Holiday gifts
-Corporate condo access
-Meal support
-Four major insurances (National Pension, Health Insurance, Employment Insurance, and Industrial Accident Insurance)",담당자,1588-9350,FALSE,helpdesk@jobkorea.co.kr,FALSE,,0,TRUE,INTERMEDIATE,A070033,호탤 스태프,HOMEPAGE,https://www.klik.co.kr/jobs/0J6XS8JHHSD7Z,ENG,ADVANCED,TRUE,"D-2, F-2, D-10, F-5"
IP36,㈜글로벌휴먼스,KLIK,헤지스 명동(HAZZYS Myeongdong) 의류 매장 아르바이트 채용,PART_TIME,IRRELEVANT,IRRELEVANT,2/14/25,1100000000,1168000000,"We need retail Fashion Shop staff to take on the challenge to create a memorable experience for our customers.
고객에게 기억에 남는 추억을 만들어주는 의류 판매 직원을 채용하고 있습니다.
- Customer Service Management(고객/서비스 관리)
- Product Operation Management(상품/운영 관리)
- Store Sales Management(매장/매출 관리)","- Passion for human relations and sales.
: 고객 응대 및 판매에 열정이 있는 분을 우대합니다.

- Curiosity and interest in fashion.
: 패션에 관심이 많은 분을 우대합니다.

- Excellent communication and interpersonal skills.
: 소통 능력이 뛰어난 분을 우대합니다.

- English (Fluent) & conversational Korean ability
: 능숙한 영어와 기초적인 한국어 회화가 가능하신 분을 우대합니다.

※ Experience in sales but not necessary. Come train with us! ※
- 판매의 경험은 꼭 필요하지 않습니다. 저희가 알려 드릴게요!",,"[Working time]
- 14 to 30 hr per week – part time / 1주 14~30시간(파트타임)
※ Working time will be allowed by visa type.
: 근무 시간은 비자의 종류에 따라 달라질 수 있습니다.

[Work hours] - Depends on Schedule(스케줄 근무)
- 9:00 ~ 18:00 (1h Break time, 1시간 휴식)
- 12:00 ~ 21:00 (1h Break time, 1시간 휴식)",담당자,1588-9350,FALSE,helpdesk@jobkorea.co.kr,FALSE,,0,TRUE,BASIC,A080047,판매 보조,HOMEPAGE,https://www.klik.co.kr/jobs/0HW20M9T7313Y,"CMN, ENG, JPN","BASIC, NATIVE, BASIC",FALSE,"F-2, F-5, F-6, D-2, D-4"
IP37,에르메네질도제냐코리아㈜,KLIK,이태리남성복 브랜드 ZEGNA RETAIL/OFFICE OPS,FULL_TIME,IRRELEVANT,BACHELOR,2/14/25,1100000000,1168000000,"1. Data Management
Evaluate data to determine the effectiveness of a product or campaign.

2. Retail excellence
It manages Store employees to deliver the luxury store environment, luxury customer service, and the best luxury experience so that customers can experience the best luxury service in Zegna Stores.

3. Application Management
To produce data for the sales team, sales operation employees must oversee the use of various applications and platforms.

4. Territory Definition
Sales Operations must outline and define various sales territories.

6. Office ops/admin
Executive team assist and office GA",,,,담당자,1588-9350,FALSE,helpdesk@jobkorea.co.kr,FALSE,,0,TRUE,ADVANCED,A010003,판매 보조,HOMEPAGE,https://www.klik.co.kr/jobs/0H3XX67WEWS25,ENG,ADVANCED,FALSE,"F-4, F-6, F-5, F-2"
IP38,㈜티피씨인터넷,KLIK,크리에이터 비즈니스 플랫폼 `LIKEY` 운영 매니저,FULL_TIME,IRRELEVANT,IRRELEVANT,2/14/25,1100000000,1168000000,"담당업무

- 이메일, 유선, 채팅으로 고객과 대화하며 고객 관리 및 이탈 방지
- 인입된 상담 분석을 통해 고객들의 Pain Point를 찾아 고객 경험 개선
- 고객이 여정 지도에서 겪는 불편함과 궁금증을 해결할 수 있는 방법을 전달
- 수집된 VoC를 기반으로 프로덕트, 비즈니스 파트와 커뮤니케이션 및 협업
- 결제, 취소, 환불, 결제대행사에서의 분쟁 조정 및 처리

자격요건

- 대면/ 비대면으로 1~2년의 고객 서비스 경험이 있으신 분
- 기본적인 글쓰기 능력을 갖추신 분
- 고객들과 다양한 이슈의 커뮤니케이션을 하기 위한 긍정적인 성격을 가지신 분
- 책임감을 가지고 본인의 업무에 임하시는 분
- 타 부서와의 협업의 과정에서 상대를 존중하고 배려하는 마음을 가지신 분
- 티피씨인터넷의 비전과 서비스의 목표에 깊이 있게 공감하고 이를 업무에 실천할 수 있는 분","우대사항

- Notion, Slack, Mixpanel 등 다양한 툴을 활용할 수 있는 분
- 깊은 고민과 빠른 실행으로 지속적인 개선을 만들어 나가는 분
- 스타트업에서의 Lean한 업무 경험이 있으신 분",,"혜택 및 복지

- 직원들의 식사를 책임지는 일 2만원의 예산 지원
- 원하는대로 요청하는 간식과 커피 원두
- 주 5일제, 유연 근무 제도
- 무제한 자율 휴가 제도(리더의 승인 및 구성원과 사전 공유)
- 3년근속마다 주어지는 리프레시 휴가2주 +휴가비 200만원
- 전직원 최고급 장비(Mac, PC, 전동 스탠딩데스크 등) 지원
- 컨퍼런스 참가비, 도서 구입 등 개인 성장 적극 지원
- 직원들의 건강이 우선! 종합건강검진(약 100만원 상당)
- 명절 선물 및 경조사 지원금 지급",담당자,1588-9350,FALSE,helpdesk@jobkorea.co.kr,FALSE,,0,TRUE,ADVANCED,A070041,고객 경험 매니저,HOMEPAGE,https://www.klik.co.kr/jobs/0GYBAG0AK71EY,,,FALSE,UNKNOWN
IP39,웨이센,KLIK,AI Research Engineer 시니어,FULL_TIME,EXPERIENCED,BACHELOR,2/14/25,1100000000,1168000000,"ㆍ메디컬 인공지능 연구 (의료 영상, 정형/비정형 데이터 기반 딥러닝 연구)

ㆍ의료 영상 도메인을 위한 CV(Computer Vision)/ML(Machine Learning) 연구 개발

ㆍ의료 영상 데이터 특성 분석 (내시경, CT, MRI, X-ray 등)

ㆍ의료 영상 데이터를 위한 컴퓨터 비전 및 영상 처리 기반 데이터 전/후처리 알고리즘 개발

ㆍ기계학습 (딥-러닝 포함) 기반 의료 영상 모델링

ㆍ모델 아키텍쳐, 손실 함수, 학습 전략 설계 등 모델링 프로세스 전반에 걸친 연구 개발

ㆍ기계학습 모델 성능 분석 및 개선 포인트 도출

스킬

ㆍPython, Pytorch, Tensorflow



자격요건

ㆍ학력 : 대졸이상

ㆍ경력 : 5 ~ 15년

ㆍ컴퓨터 공학 관련 전공 학사 이상

ㆍ컴퓨터 비전 및 영상/동영상 도메인 머신 러닝 (딥러닝 포함) 연구 개발경력 5~10년 이상

ㆍPython 프로그래밍 언어에 능숙하신 분

ㆍTensorflow, Pytorch, Caffe 중 한 개 이상의 딥러닝 개발 프레임워크 사용에 능숙하신 분","ㆍ컴퓨터 비전, 머신 러닝, 딥러닝 연구를 주로 수행한 컴퓨터 공학 관련 전공 석사 이상

ㆍ컴퓨터 비전, 머신 러닝, 딥러닝 기반 의료 영상 도메인 데이터 연구개발 경험

ㆍ지능형 CCTV, 의료 영상 도메인 등 영상/동영상 및 비전 관련 연구개발 경험

ㆍ최신 영문 논문 분석 / 재현에 능숙하신 분

ㆍ영상 도메인 관련 탑티어 학회 (AAAI, CVPR, NIPS, ICCV, ECCV, MICCAI 등) 및 학술지 논문 게재 경험이 있는 분",,"주5일
자율복장, 국민연금 , 주차장, 회식비 지원, 주차 지원, 청년내일채움공제, 음료/간식 제공, 산재보험, 건강검진, 회사 차량 지원, 경조휴가, 퇴직연금, 건강보험, 육아수당, 스톡옵션, 고용보험, 재택근무제, 흡연공간, 명절선물/명절상여, 장비 지원, 차량유류비, 경조금, 주5일제, 생일 이벤트, 안마실/안마의자, 반반차 제도, 야간교통비 지급, 점심 식사 지원, 웰컴키트, 우리사주제도, 탕비실, 유연근무제, 휴식공간",담당자,1588-9350,FALSE,helpdesk@jobkorea.co.kr,FALSE,,0,TRUE,ADVANCED,A100055,데이터 분석,HOMEPAGE,https://www.klik.co.kr/jobs/0H8QFNH9ATD7K,,,FALSE,UNKNOWN
IP40,(주)데이원컴퍼니,KLIK,[콜로소][경력]글로벌 콘텐츠 상품기획자(북미),FULL_TIME,IRRELEVANT,IRRELEVANT,2/14/25,1100000000,1168000000,"- 글로벌 교육시장 리서치(북미권)
- 고객 수요 분석 및 검증
- 판매 전략 수립
- 관련 기업과의 제휴
- 강사 섭외 및 계약 추진
- 강의 콘텐츠 기획 및 제작 ","- 원어민 수준의 영어 구사 능력 
- 북미권 교육 혹은 콘텐츠 업계 경력 2년 이상 
- IT 스타트업 경험 2년 이상 
- 새로운 것을 배우고 개척하시는 것을 좋아하시는 ",,"- 근무형태 : 정규직 (수습기간 3개월)
- 급여조건 : 협의
- 근무시간 : 10:00 ~ 19:00 (월~금) (8시간 근무 기준, 탄력 근무 시행)
- 근무장소 : 서울 강남구 테헤란로 231 센터필드 West 6~7층 (역삼역 근처)

[전형 절차]
서류 전형 → 과제전형 → 1차 인터뷰 →  2차 인터뷰 → 평판조회 → 채용 확정",담당자,1588-9350,FALSE,helpdesk@jobkorea.co.kr,FALSE,,0,TRUE,ADVANCED,A010001,원어민 영어 교사,HOMEPAGE,https://www.klik.co.kr/jobs/0H8PQH28JTD3Q,ENG,NATIVE,FALSE,"F-2, F-6, F-4, F-5, E-7"
IP41,메가존클라우드㈜,KLIK,Business Operation(경력) 채용,FULL_TIME,EXPERIENCED,BACHELOR,2/14/25,1100000000,1168000000,"이런 일을 해요!
사업부 매출/매입 관리를 해요.
세금계산서 및 Invoice 관리를 해요.
정산 마감문서 작성 등 사무지원 업무를 해요.
수익 분석 업무를 해요.


이런 분과 함께하고 싶어요! 🙋🏻‍♀️
비즈니스 수익구조 분석에 관심 있어야 해요.
관리회계에 관심 있어야 해요.
엑셀 혹은 구글 스프레드시트 능숙해야 해요.","이런 경험이 있으면 더! 좋아요🙆🏻‍♀️🙆🏻‍♂️
컴퓨터활용능력1급 자격증 취득자 또는 엑셀 고급기능 활용 가능하면 좋아요.
경영학과 또는 회계관련 전공자이면 좋아요.
중국어를 할 수 있으면 좋아요.",,,담당자,1588-9350,FALSE,helpdesk@jobkorea.co.kr,FALSE,,0,TRUE,ADVANCED,A010007,회계 재무,HOMEPAGE,https://www.klik.co.kr/jobs/0H1M0JQ9J0N69,CMN,ADVANCED,FALSE,UNKNOWN
IP42,아카라라이프㈜,KLIK,AIoT 플랫폼 앱/서버 기술지원(5년 이상),FULL_TIME,EXPERIENCED,BACHELOR,2/14/25,1100000000,1168000000,"담당업무( 1명 )

ㆍAIoT 플랫폼 앱/서버 기술지원

　- 중대형 고객사 IoT 제품 연동을 위한 B2B 기술지원 및 컨설팅

　- 시스템 연동 (서버구조 및 검증, D2C개발지원, OpenAPI/SDK 지원)

　- 협력사와 기술 커뮤니케이션을 통한 문제 해결



스킬

ㆍC, C++, JAVA, 중국어, SDK



핵심역량

ㆍ창의성, 협동심, 윤리의식



자격요건

ㆍ학력 : 대졸이상

ㆍ경력 : 5 ~ 10년

ㆍ공학계열(4년제) 졸업 이상인 분

ㆍC/C++/JAVA 코딩 가능하신 분

ㆍ경력 5년 이상 모바일 앱/클라우드 서버 관련 개발 경력 혹은 이에 준하는 역량을 갖추신 분

ㆍ중국어로 앱/서버/IoT디바이스 관련 원활한 기술소통 (Speakng)이 가능하신 분","ㆍ원활한 영어(Speaking) 소통 가능하신 분

ㆍAWS기반 개발 및 IoT Core 개발 경험자

ㆍLinux 기반 앱/서버 개발 환경에 능하신 분",,"주5일
우리사주제도, 남성출산휴가, 장비 지원, 다양한 휴가제도, 쾌적한 업무공간, 주말 휴무, 주40시간, 사내 동호회, 자율복장, 청년내일채움공제, 저녁 식사 지원, 상여금, 수면실, 월차제도, 인포멀지원, 점심 식사 지원, 징검다리 휴무 (명절/연말 한주 전사휴무, 샌드위체데이 전사휴무), 출산휴가, 회식비 지원, 임직원몰, 명절선물/명절상여, 직무능력향상교육, 음료/간식 제공, 청년추가고용장려금, 인센티브, 교육/세미나/스터디, 님/닉네임 호칭, 도서 구입비 지원, 노동절 휴무, 임신/출산 지원, 연차제도, 산재보험, 우수사원 보상제도, 주52시간, 웰컴키트, 탕비실, 자기개발 지원, 야간교통비 지급, 각종 기념일 선물, 국민연금 , 식사 지원, 주5일제, 경조휴가, 수평적 문화, 보건휴가, 스톡옵션, 고용보험, 자유로운 휴가문화, 반차제도, 신입 사원 교육, 멘토링 제도, 추천비 지원, 포상제도, 퇴직금, 임직원 할인, 주차장, 카페테리아, 흡연공간, 사내도서관, 우수사원 포상제도, 사내 이벤트, 팀빌딩 제도, 회사 차량 지원, 사내 편의 서비스, 패밀리데이, 공휴일 휴무, 건강보험, 건강검진, 노조/노사협의회, 아침 식사 지원, 경조금, 리더쉽강화교육, 성과급, 창립일 행사, 퇴직연금, 휴식공간, 워크샵/MT, 육아휴직, 임직원 교육비",담당자,1588-9350,FALSE,helpdesk@jobkorea.co.kr,FALSE,,0,TRUE,ADVANCED,A100054,앱 개발자,HOMEPAGE,https://www.klik.co.kr/jobs/0H48JXD1JTD6X,"CMN, ENG","ADVANCED, ADVANCED",FALSE,UNKNOWN
IP43,모베인,KLIK,"볼보1차협력업체,시급 10,000원,월 380이상 단순보조/통근,기숙사",FULL_TIME,IRRELEVANT,IRRELEVANT,2/14/25,1100000000,1168000000,"▣스템핑(검사) - 설비기에서 나온 생산품 검사 업무
- 생산된 제품 검사( 제품 규격 검사, 씨리얼 넘버 육안 검사, 자주 검사) 업무
- 검사 완료된 제품 적재 업무
엄청 쉬운 검사 업무 입니다
초보자 환영

▣채널래치(포장) - 검사 완료된 제품 포장 업무
- 포장 박스에 라벨 부착 업무
- 빈 박스 접는 업무
엄청 쉬운 포장 업무 입니다
초보자 환영, 무거운거, 힘쓰는 업무","경력무관(신입가능)
인근거주자
자차출퇴근자
통근버스 탑승 가능자
(통근: 평택,송탄,안중, 금왕 45인승버스로 12대 운행중)",,"근무 형태 : 주야 2주 2교대
근무 시간 : 주: 08:30~17:30(+2.5H) 휴식 30분
야: 20:30~05:30(+2.5H) 휴식 30분 금요일(+2H) 휴식 30분

근무 환경
- 최근에 확장이전하여 깔끔한 현장, 깨끗하고 시원한 환경에서 근무 하세요!

▣ 급여조건
평균 380 이상
잔/특 포함이지만 개인 작업량 차이로 상이
○급여일 : 매월 10일 (주말이나 공휴일시 금요일 지급)
○정규직 전환
○기숙사 운영
○퇴직금
○4대 보험
○통근버스
○연차
○식사 제공
○여름 휴가
○근무복 : 근무복 지급, 자율복장(반바지, 치마x)",담당자,1588-9350,FALSE,helpdesk@jobkorea.co.kr,FALSE,,0,TRUE,BASIC,A110058,생산직 종사자,HOMEPAGE,https://www.klik.co.kr/jobs/0JQEF6QT3J94Z,,,FALSE,"F-4, F-5, F-6"
IP44,커머스파크㈜,KLIK,"수출 영업 경력자 / 영어 능통 필수/ 수입수출 실무, 코레스",FULL_TIME,EXPERIENCED,BACHELOR,2/14/25,1100000000,1168000000,"수입 수출 통관 코레스/수출 영업/영어필수

담당업무
ㆍ해외 비지니스 파트 실무 담당
- 해외 영업 및 신규 거래처 개발, 수입 수출 관련 실무, 해외 파트너사 관리
ㆍ코레스 업무 (영어)
- 이메일 번역 및 해외 파트너사 커뮤니케이션

ㆍ신규 브랜드 및 제품 개발
- 해외 신규 브랜드 및 신규제품 소싱 및 도입 개발
ㆍ영어 번역 및 통역
- 회의 통역, 업무 관련 서류 통역, 해외 출장 및 전시회 등 참가 통역



지원자격
ㆍ해외 영업 및 수출입 업무 경력자 (경력: 2년 이상, 수입 수출 통관 관련 실무 경력자)
ㆍ영어 능통자 필수","우대사항
ㆍTOEIC 900점 이상, OPIc IH 이상
ㆍ일본어, 중국어 등 영어 외 외국어 가능자

ㆍ엑셀 활용 고급능력자",,"주5일
복지포인트, 반차제도, 경조휴가, 건강보험, 출산휴가, 노동절 휴무, 명절선물/명절상여, 주5일제, 연차제도, 저녁 식사 지원, 퇴직금, 음료/간식 제공, 산재보험, 고용보험, 생일 이벤트, 국민연금 , 자유로운 휴가문화",담당자,1588-9350,FALSE,helpdesk@jobkorea.co.kr,FALSE,,0,TRUE,ADVANCED,,해외 영업,HOMEPAGE,https://www.klik.co.kr/jobs/0GZQ35A1RT17G,"CMN, ENG, JPN","ADVANCED, ADVANCED, ADVANCED",FALSE,UNKNOWN
IP45,롯데바이오로직스,KLIK,롯데바이오로직스 해외대 신입사원 - Technical Operation,FULL_TIME,IRRELEVANT,BACHELOR,2/14/25,1100000000,1168000000,"지원자격

[공통사항]

오늘보다 내일을 더 기대하는 인재
본인이 내린 결정을 스스로 책임질 수 있는 인재
다른 사람과 소통하며 시너지를 발휘할 수 있는 인재
비자 취득 및 국내 취업에 결격사유가 없는 분
해외 여행 및 건강상 결격 사유가 없는 분
남성의 경우, 병역필 혹은 면제자


[세부사항]

해외대학교(학사) 졸업예정자 및 기졸업자 ※국내 소재 대학(원) 재학생 및 기졸업생 지원 불가
2025년 2월 입사 가능한 학사이상 학위 취득자 및 취득 예정자 ※25년 3월 이후 졸업자 지원 불가
외국어회화 (TOEIC Speaking 또는 OPIc)영어 성적 보유자
※영어권 국가의 해외대 학사 학위 취득자는 공인영어성적 미보유시에도 지원가능(단, 해외 전문대학 학위 취득자의 경우 어학성적 제출 필수)
한국 국적이 아닌 경우 한국어능력시험(TOPIK) 4급 이상 보유자 (지원서 내 제출)


[우대사항]

영어권 국가의 해외대학교(학사) 졸업예정자 및 기졸업자는 우대합니다


[모집 직무] Technical Operations (배양/정제/Validation)
[배양 / 정제]

- 바이오 의약품 임상 및 cGMP 상업생산
- 공정 디자인 (P&ID, 자동화 시스템 Functional Design Specification 등) 검토
- 공정 장비 Plan&Design 문서 (URS, QRA 등) 제정 및 Validation 수행 (FAT, SAT, IQ, OQ, PQ)
- 공정 및 장비 표준작업지침서(SOP) 및 제조기록서(MBR) 제정
- 공정 장비 운영 자동화 Recipe 제정
- 제조 공정 중 일탈 (Deviation) 관리, 재발방지대책 (CAPA) 및 시스템 개선사항 (변경 관리 등) 수립
- 규제기관, 고객사 감사 및 실사 대응, 위해성 평가 수립

[Validation]
- Validation 정책 및 절차 문서 제정 (Validation Policy, Master Plan, SOP 등)
- Validation Project Management 및 수행 가이드 제공 (Execution, Documentation, Protocol Investigation 등)
- 공정 디자인 (P&ID, 자동화 시스템 Functional Design Specification 등) 검토
- 공정 장비 Plan&Design 문서 (URS, QRA) Master 문서 제정
- 공정 장비 Validation (FAT, SAT, IQ, OQ, PQ) Protocol, Report Master 문서 제정
- 규제기관, 고객사 감사 및 실사 대응


[어학]
- OPIc IM3이상 또는 TOEIC SPEAKING IM3/ Lv6 / 130점 이상
- 한국어능력시험(TOPIK)4급이상 (외국 국적자 限)

[전공 우대사항]
- 약학
- 화학, 응용화학, 화공 계열 학과
- 생명공학, 생명과학 계열 학과",,,,담당자,1588-9350,FALSE,helpdesk@jobkorea.co.kr,FALSE,,0,TRUE,ADVANCED,A160081,제조 공정 관리,HOMEPAGE,https://www.klik.co.kr/jobs/0H64VHA6KQD7S,ENG,ADVANCED,TRUE,UNKNOWN
IP46,㈜키스템프,JOBKOREA,"[-연4,500만/복리우수] 대기업 현대글로비스 정산사무 채용",DISPATCH,IRRELEVANT,IRRELEVANT,2/14/25,1100000000,1168000000,"[구주KD사업팀]

□ 수출 물류 운영
  - 수출 선적 인보이스 작성
  - 선적정보 인터페이스 관리
  - B/L, 수출 면장 등 선적서류 정합성 관리
 
□ 수금 및 정산
  - D/A 상신, 입금 확인, SAP 수금/상계 처리
 
□ 정산 마감
  - 매출/매입 마감"," ┃자격사항


- 학력 무관

- 무역, 수출, 선적, 회계, 비용정산, 월마감, 전표 처리 등 관련 업무 경험 보유자 우대
 [전공/자격증/단기/인턴/아르바이트/실습/교육이수 등 관련 경험 이력서 기재 必 ]
- 무역 또는 회계 관련 학과 및 자격증 보유자 우대  
- SAP, ERP 활용 가능자 우대 
- 즉시 면접 및 출근 가능자 우대 ",,"- 급여조건 : 연 최대 4,500만원 수준 [세전/1년이상 근무시 퇴직금별도]  

                      + 중식제공 (사원식당 有)

                      -------------------------------------------------------------------------------------------------

                = 월 고정급 : 2,425,878 (세전)
                     + 명절선물비 : 250,000원 (연 2회, 명절전 1개월 이상 재직자에 한해))
                     + 명절귀향비 : 800,000원 (연 2회, 명절전 1개월 이상 재직자에 한해))
                     + 리프레시휴가비 : 800,000원 (연 1회, 1월1일 재직자에 한해)
                     + 경영성과급 연 1회 지급 (0 ~ 1,300만원 수준)
                        * 각종 복리후생비 및 성과급은 사용사업주 내부사정 및 기준에 따라 지급 여부와 금액이 변동

                            될 수 있으며, 발생 시 지급 시점 재직자에 한하여 재직기간에 따라 차등지급 (비고정성)

                



- 근 무 지 : 서울특별시 성동구 왕십리로 83-21  (서울숲역 도보 3분 /지하철 연결)                      

                                                                                       * 신사옥 근무환경 최상 *

- 근무시간 : 주 5일(월~금) / 08:00~17:00                     

- 복리후생 :

* 키스템프 그룹사 측 복리후생 

  - 주 5일, 4대보험, 연차 

  - 명절선물, 생일케이크, 경조사비, 의료비지원 등
  - 우수사원 선정시 모바일상품권 5만원 지급   - 의료지원 서비스 (치과, 피부과, 한의원, 신경외과, 성형외과, 안과 등 전국 130개 업체 제휴)
 
* 기업 측 복리후생

 - 명절선물비 : 설 / 추석 각 250,000원 (명절전 1개월 이상 재직자에 한해))  - 명절귀향비 : 설 / 추석 각 800,000원 (명절전 1개월 이상 재직자에 한해))  - 리프레시 휴가비 : 800,000원 (연 1회, 1월1일 재직자에 한해)  - 경영성과급 연 1회 지급 (0 ~ 1,300만원 수준)

※ 각종 복리후생비와 성과급은 사용사업주 내부사정 및 기준에 따라 지급 여부와 금액이 변동될 수 있으며,
    발생 시 지급 시점 재직자에 한하여 재직기간에 따라 차등지급 (비고정성) 

 - 기타사항:  회사내규에 따라 초과근무 발생시 월 급여에 일부 포함

                    이후 초과근무 발생시 회사내규에 따라 OT수당 별도지급

 - 채용형태 : 키스템프그룹사 소속 최초 12개월 계약 후 최대 2년까지 연장 가능

                 * 단, 업무 평가나 기업사정에 따라 연장 여부 결정

     ** 근무 후 현대글로비스 기업명 기재된 경력증명서 발급가능 -> 대기업 커리어 **스펙up** 

                 [기업 名 기재 O / 발급처: 키스템프 그룹사]",담당자,1588-9350,FALSE,helpdesk@jobkorea.co.kr,FALSE,,0,TRUE,ADVANCED,A010003,물류 관리,HOMEPAGE,https://www.jobkorea.co.kr/Recruit/GI_Read/46332380,,,FALSE,UNKNOWN
IP47,㈜코루파마,KLIK,Graphic Designer recruitment,FULL_TIME,NEW_COMER,BACHELOR,2/14/25,1100000000,1168000000,"🔍 About the Role:

As our Graphic Designer, you will:

Design and update packaging materials for our products.
Develop engaging and on-brand visual content for social media platforms.
Design and refine visually appealing product presentations.
Develop and maintain visual identities for our brand and popular products.
Design printed materials for exhibitions and other events.","What We’re Looking For:

At least 1-2 years of experience as a Graphic Designer.
Proficiency in Figma, Adobe Creative Suite (Photoshop, Illustrator, InDesign), etc.
A strong portfolio showcasing modern and creative design work.
A keen eye for detail and a love for bold ideas.
Intermediate English or higher to collaborate with international teams.",,"🌟 Why you will love working with us:

Work-Life Balance: Enjoy shorter work hours every second Friday of the month (Family Day Program), paid sick and medical leave, a whole day of leave for health checkups, and compassionate leave for important life events.
Professional Growth: We invest in you by paying for courses, training, and business books to help you grow. Employees who obtain a high-level Korean language proficiency certificate will be rewarded.
International Collaboration: Work with colleagues from diverse backgrounds and create designs for global clients.
Respect for Your Time: No delays, no mandatory overtime — your personal time matters.
Casual & Comfortable Dress Code: Business casual every day, with blue jeans allowed. Casual Fridays create an even more relaxed atmosphere to wrap up your week.",담당자,1588-9350,FALSE,helpdesk@jobkorea.co.kr,FALSE,,0,TRUE,BASIC,A120063,그래픽 디자이너,HOMEPAGE,https://www.klik.co.kr/jobs/0JQMY9CNZJ9DT,ENG,ADVANCED,FALSE,"F-2, F-5, F-4, F-6"
IP48,㈜파지티브호텔,JOBKOREA,[파지티브호텔] 경영혁신파트 SCM 리더,FULL_TIME,IRRELEVANT,IRRELEVANT,2/14/25,1100000000,1168000000,"[주요 업무] 
SCM 전략 리딩 
- 수요계획 적정성 점검 및 적정재고 유지를 위한 재고 보충 계획 
- 수요계획 대비 주문 실적 과부족 및 생산발주 대비 생산량 및 생산일정 변동여부 관리 
- 재고 보충 실행을 통한 적정 재고 유지 및 사전 리스크 도출/관리 
- 주문 및 생산실적 모니터링을 통한 재고 과부족 리스크 관리 

구매 및 발주 관리 
- OEM 생산과 구매 발주 및 스케줄 관리 
- 제조원가 분석 및 관리 

물류 관리 
- B2C 및 B2B 물류 입.출고 관리 
- 3PL 업체와의 소통 및 운영 관리 

[자격요건] 
- 5년 이상의 유관업무 경력자 
- 식품/화장품 브랜드 유경험자 
- 엑셀 및 MS-Office 활용 능력이 우수하신 분 
- 커뮤니케이션 능력이 뛰어나신 분","- 물류 시스템 이용 경험자 (이지어드민)
- 이지어드민/ 오투 사용 경험이 있는 분 
- 영어 회화 가능한 분 
- 물류 관련 자격증을 보유하신 분 
- 해외 출고 관련 업무 경험이 있으신 분 
- 책임감 있고 성실한 업무 태도를 가지신 분",,,담당자,1588-9350,FALSE,helpdesk@jobkorea.co.kr,FALSE,,0,TRUE,ADVANCED,A030012,물류 구매 담당자,HOMEPAGE,https://www.jobkorea.co.kr/Recruit/GI_Read/46337813,ENG,ADVANCED,FALSE,
IP49,(주)우아한형제들,KLIK,[Tech] 마케팅플랫폼 서버 개발자 모집,FULL_TIME,EXPERIENCED,BACHELOR,2/14/25,1100000000,1168000000,"[업무내용]
- 마케팅 대상을 선별하기 위한 전사 타겟팅 시스템 개발 및 운영
- 효율적인 캠페인/프로모션 활동을 위한 관련 시스템 개발 및 운영
- Global targeting system 개발 및 운영
- 효과적인 서비스 운영을 위한 팀 내외부 소통

[지원자격]
- Java Spring, Spring boot을 활용한 웹서비스 설계 및 개발 실무 5년 이상 10년 이하 또는 그에 준하는 역량 보유한 분 
- JPA를 활용한 개발 경험 필수
- AWS/GCP 환경에서의 개발 및 운영 경험 (인프라 이해도 상)
- 개발 업무 리딩 경험
- 대량의 데이터를 활용한 프로젝트들에 열정적으로 임하실 분","[우대사항]
- Elasticsearch, DynamoDB 등 NoSQL 관련 개발/운영 경험
- Spring Batch 등을 활용한 통계 배치 개발
- 대용량 데이터를 활용한 개발 경험
- 대용량 트래픽 환경에서 성능 최적화 (캐싱, 비동기처리, 다중화 구성 등)
- 해외 소재 구성원과의 협업을 위한 영어 의사 소통 역량 (통역 지원 가능)
- Global 서비스 개발 및 운영 경험 (여러 국가 배포/운영)",,,담당자,1588-9350,FALSE,helpdesk@jobkorea.co.kr,FALSE,,0,TRUE,ADVANCED,A100053,웹 개발자,HOMEPAGE,https://career.woowahan.com/recruitment/R2404069/detail?jobCodes=&employmentTypeCodes=&serviceSectionCodes=&careerPeriod=&keyword=&category=jobGroupCodes%3ABA005001,,,FALSE,UNKNOWN
IP50,토스인슈어런스,KLIK,보험 대리점 총무 지원 담당자(성남),CONTRACT,IRRELEVANT,IRRELEVANT,2/14/25,1100000000,1168000000,"합류하면 함께 할 업무예요

토스인슈어런스 내 직영 성남조직 총무업무를 해요.
신계약 수납, 계약 유지/관리 등 전반적인 업무 지원을 해요.
지점 내 영업지원 및 사무관리를 해요.","이런 분과 함께 하고 싶어요

대면 GA에서의 최소 5년 이상 총무 업무를 경험하신 분과 함께 하고 싶어요.
제휴된 32개 손/생보회사의 신계약 수납 및 확정이 가능하며 모든 원수사 전산을 원활하게 사용하실 수 있는 분이 좋아요.
전반적인 계약 보전 업무를 전문성있게 수행할 수 있는 분이 좋아요.
Insurance Advisor / 고객과 원활한 업무소통이 가능하며 밝고 긍정적인 마인드를 가지신 분이 좋아요.",,"꼭 확인해주세요

근무 기간은 1년이며(단기계약직) 협의 후 연장될 수 있어요.
근무 시간은 주5일(월요일~금요일) , 오전 9시-18시(휴게시간 1시간 포함)예요.
근무지는 '경기도 성남시 중원구 산성대로 204-5(성남동) 성남지하도상가 E동 가열 16-2호'예요.
급여는 합격 후 경력 기간에 따라 안내드려요.",담당자,1588-9350,FALSE,helpdesk@jobkorea.co.kr,FALSE,,0,TRUE,ADVANCED,A150078,보험설계사,HOMEPAGE,https://toss.im/career/job-detail?job_id=6095152003,,,FALSE,UNKNOWN